{"initial_reset_timestamp": 1636453227.136679, "timestamps": [1636453227.272146, 1636453227.411138, 1636453227.5530555, 1636453227.7000482, 1636453227.8415818, 1636453227.9789963, 1636453228.122699, 1636453230.5603647, 1636453230.6978886, 1636453230.835827, 1636453230.9699247, 1636453231.111404, 1636453231.2473297, 1636453231.3869789, 1636453233.9570124, 1636453234.0952382, 1636453234.2330472, 1636453234.3703623, 1636453234.5051758, 1636453234.6451774, 1636453234.783294, 1636453247.3647165, 1636453247.5005872, 1636453247.6299891, 1636453247.761596, 1636453247.8929408, 1636453248.0241592, 1636453248.1512122, 1636453262.6688807, 1636453262.79436, 1636453262.9198177, 1636453263.0452592, 1636453263.1717093, 1636453263.2969139, 1636453263.4226246, 1636453277.1622157, 1636453277.2905536, 1636453277.421561, 1636453277.5490785, 1636453277.6792636, 1636453277.804802, 1636453277.9358802, 1636453291.2272434, 1636453291.357976, 1636453291.489407, 1636453291.6227934, 1636453291.7543948, 1636453291.8856392, 1636453292.0144436, 1636453305.2231138, 1636453305.3559988, 1636453305.4862957, 1636453305.6174035, 1636453305.7465198, 1636453305.881113, 1636453306.008546, 1636453319.1782467, 1636453319.3117929, 1636453319.4412618, 1636453319.5765233, 1636453319.711139, 1636453319.874353, 1636453320.0079226, 1636453332.648352, 1636453332.7755432, 1636453332.9048364, 1636453333.033969, 1636453333.163269, 1636453333.287588, 1636453333.415974, 1636453346.837305, 1636453346.9704814, 1636453347.1004643, 1636453347.233464, 1636453347.3656924, 1636453347.4951513, 1636453347.6249568, 1636453361.1723528, 1636453361.3037107, 1636453361.4360988, 1636453361.5673213, 1636453361.6954868, 1636453361.8278565, 1636453361.958936, 1636453375.445153, 1636453375.5805404, 1636453375.7102349, 1636453375.8426807, 1636453375.975892, 1636453376.108947, 1636453376.2414145, 1636453386.7746565, 1636453386.9033787, 1636453387.0325124, 1636453387.162162, 1636453387.2882507, 1636453387.4189804, 1636453387.5520096, 1636453398.2142758, 1636453398.34297, 1636453398.4719427, 1636453398.6001525, 1636453398.7297523, 1636453398.857853, 1636453398.9855127, 1636453409.271976, 1636453409.3972893, 1636453409.52234, 1636453409.6530914, 1636453409.7846155, 1636453409.915074, 1636453410.0403163, 1636453420.6910894, 1636453420.8178577, 1636453420.9448028, 1636453421.0713348, 1636453421.1995435, 1636453421.3254747, 1636453421.4549627, 1636453432.469213, 1636453432.5981383, 1636453432.7244048, 1636453432.8516402, 1636453432.9793453, 1636453433.1060014, 1636453433.260996, 1636453443.9163814, 1636453444.047483, 1636453444.1775196, 1636453444.309163, 1636453444.4401476, 1636453444.571229, 1636453444.7027118, 1636453455.32477, 1636453455.4512324, 1636453455.5776262, 1636453455.7041771, 1636453455.8300047, 1636453455.9559135, 1636453456.0833912, 1636453466.9598212, 1636453467.0916383, 1636453467.2223012, 1636453467.3513246, 1636453467.4814732, 1636453467.6101868, 1636453467.7387042, 1636453478.3107104, 1636453478.4509208, 1636453478.5903358, 1636453478.7280176, 1636453478.860689, 1636453478.9982803, 1636453479.1342573, 1636453490.038752, 1636453490.1723485, 1636453490.304824, 1636453490.439818, 1636453490.572137, 1636453490.7081332, 1636453490.842293, 1636453501.7550652, 1636453501.8950107, 1636453502.035005, 1636453502.1728861, 1636453502.3131034, 1636453502.4546523, 1636453502.5974803, 1636453513.2642589, 1636453513.3978848, 1636453513.5316436, 1636453513.6891668, 1636453513.8157222, 1636453513.949643, 1636453514.0821533, 1636453524.992978, 1636453525.1241894, 1636453525.253863, 1636453525.3839586, 1636453525.5184937, 1636453525.6276333, 1636453525.762047, 1636453525.8603761, 1636453536.7412782, 1636453536.832809, 1636453536.9350393, 1636453537.0238283, 1636453537.118619, 1636453537.2187169, 1636453537.304141, 1636453537.4106412, 1636453537.500814, 1636453537.6075644, 1636453537.6988606, 1636453537.8046062, 1636453537.9183326, 1636453538.008426, 1636453538.135288, 1636453538.2189615, 1636453538.324339, 1636453538.4475188, 1636453553.109413, 1636453553.196487, 1636453553.2908409, 1636453553.4480772, 1636453553.5334332, 1636453553.6393878, 1636453553.7695906, 1636453553.8993096, 1636453554.0327864, 1636453554.1229596, 1636453554.2115872, 1636453554.3417122, 1636453566.2774389, 1636453566.408636, 1636453566.5222409, 1636453566.6601276, 1636453566.7937574, 1636453566.9252617, 1636453567.0587287, 1636453567.1984768, 1636453578.7477772, 1636453578.8732586, 1636453578.9991527, 1636453579.1275365, 1636453579.2577038, 1636453579.3871431, 1636453579.5143218, 1636453590.7704303, 1636453590.9022775, 1636453591.024499, 1636453591.153697, 1636453591.2867126, 1636453591.4218197, 1636453591.5506005, 1636453603.0411692, 1636453603.1551847, 1636453603.276931, 1636453603.3769164, 1636453603.4755363, 1636453603.5679789, 1636453603.7092676, 1636453603.815272, 1636453603.908856, 1636453604.0251298, 1636453604.1354837, 1636453604.2408273, 1636453604.329164, 1636453604.424152, 1636453615.3734047, 1636453615.5008445, 1636453615.6292942, 1636453615.7573555, 1636453615.8885834, 1636453616.0155244, 1636453616.1440973, 1636453627.068888, 1636453627.1968594, 1636453627.3216467, 1636453627.44897, 1636453627.580009, 1636453627.7083979, 1636453627.8639553, 1636453638.6653469, 1636453638.7923741, 1636453638.9165778, 1636453639.0238876, 1636453639.1487813, 1636453639.2783368, 1636453639.4051847, 1636453639.5301716, 1636453650.9783652, 1636453651.1082458, 1636453651.2364216, 1636453651.3642287, 1636453651.4976537, 1636453651.6256316, 1636453651.7541122, 1636453663.0143106, 1636453663.1420627, 1636453663.2362125, 1636453663.3622022, 1636453663.4857333, 1636453663.6131306, 1636453663.7423368, 1636453663.868722, 1636453675.1709802, 1636453675.2793262, 1636453675.3789885, 1636453675.4664686, 1636453675.5719402, 1636453675.6644928, 1636453675.7622743, 1636453675.8602004, 1636453675.9565725, 1636453676.0531116, 1636453676.1577404, 1636453676.259597, 1636453676.3807094, 1636453676.4855478, 1636453676.5977416, 1636453676.6950083, 1636453688.0923705, 1636453688.2237084, 1636453688.353799, 1636453688.4674726, 1636453688.5799494, 1636453688.711836, 1636453688.8366327, 1636453688.961607, 1636453700.4367492, 1636453700.5259922, 1636453700.636005, 1636453700.7192376, 1636453700.8141673, 1636453700.9382477, 1636453701.0379572, 1636453701.1532886, 1636453701.2368019, 1636453701.335483, 1636453701.445798, 1636453701.5578344, 1636453701.6569364, 1636453701.7862275, 1636453701.8862875, 1636453701.9808757, 1636453713.6043825, 1636453713.7013288, 1636453713.81041, 1636453713.9152668, 1636453714.0578, 1636453714.1517713, 1636453714.2421167, 1636453714.3422792, 1636453714.4545155, 1636453714.5661771, 1636453714.6736832, 1636453714.7657285, 1636453714.8605566, 1636453714.951534, 1636453715.0886261, 1636453726.8715446, 1636453726.980192, 1636453727.0904148, 1636453727.1844943, 1636453727.2983706, 1636453727.395025, 1636453727.490928, 1636453727.5902252, 1636453727.6988542, 1636453727.7907734, 1636453727.887705, 1636453727.9898627, 1636453728.09146, 1636453728.1967824, 1636453728.2876308, 1636453728.4163077, 1636453728.5095444, 1636453739.998617, 1636453740.093702, 1636453740.2125995, 1636453740.3064556, 1636453740.3997905, 1636453740.4961548, 1636453740.6102006, 1636453740.7130647, 1636453740.813385, 1636453740.9017653, 1636453741.0087383, 1636453741.1046724, 1636453741.1968958, 1636453741.3246698, 1636453741.4211087, 1636453741.543181, 1636453752.7429578, 1636453752.8352036, 1636453752.9337394, 1636453753.032913, 1636453753.1248562, 1636453753.214196, 1636453753.3298368, 1636453753.447103, 1636453753.5423176, 1636453753.656774, 1636453753.7766032, 1636453753.8629837, 1636453753.95963, 1636453754.0557299, 1636453754.1469953, 1636453754.2432573, 1636453754.3401234, 1636453765.482657, 1636453765.608597, 1636453765.7383535, 1636453765.863666, 1636453765.9876251, 1636453766.1126263, 1636453766.243087, 1636453777.803557, 1636453777.9001868, 1636453777.9851632, 1636453778.088342, 