{"initial_reset_timestamp": 1636453227.0268505, "timestamps": [1636453228.1793003, 1636453228.3761063, 1636453228.68259, 1636453228.9663663, 1636453229.257383, 1636453229.5563138, 1636453231.449181, 1636453231.7281396, 1636453232.0003119, 1636453232.19503, 1636453232.4622307, 1636453232.7310514, 1636453232.9987042, 1636453235.2296517, 1636453237.1146748, 1636453238.585521, 1636453240.149086, 1636453242.0097363, 1636453243.8393433, 1636453245.7099829, 1636453249.1006775, 1636453251.0494661, 1636453252.9402313, 1636453254.8150194, 1636453256.8423405, 1636453259.8272011, 1636453261.663274, 1636453264.7600346, 1636453266.6203337, 1636453268.456632, 1636453270.3471456, 1636453272.6514533, 1636453274.9698827, 1636453278.3013456, 1636453280.2329679, 1636453281.9927986, 1636453283.8763878, 1636453285.7289648, 1636453287.677687, 1636453289.6148262, 1636453292.9438398, 1636453294.8422968, 1636453296.7041962, 1636453298.0939374, 1636453299.9864898, 1636453301.8519614, 1636453303.7554977, 1636453307.1347167, 1636453309.0234463, 1636453310.9532933, 1636453312.5348241, 1636453314.3618252, 1636453315.3043299, 1636453317.159846, 1636453320.5581305, 1636453322.413677, 1636453323.8318715, 1636453325.6071596, 1636453327.4762468, 1636453329.3732035, 1636453331.2143416, 1636453334.1444552, 1636453335.987329, 1636453337.9536567, 1636453339.754473, 1636453341.6690934, 1636453343.5899851, 1636453345.47137, 1636453348.2619507, 1636453349.6630106, 1636453351.5885382, 1636453353.4232605, 1636453355.2735271, 1636453356.471206, 1636453358.285081, 1636453360.1590393, 1636453363.7451034, 1636453365.579651, 1636453367.485489, 1636453369.3754828, 1636453371.3233862, 1636453372.497805, 1636453374.2705364, 1636453377.4092839, 1636453378.8694024, 1636453380.3989246, 1636453381.9165363, 1636453383.3718224, 1636453384.864637, 1636453387.7984676, 1636453389.2722943, 1636453390.7067387, 1636453392.1758475, 1636453393.6787486, 1636453395.1790998, 1636453396.6487572, 1636453399.7277777, 1636453401.1492052, 1636453402.5502548, 1636453403.9615302, 1636453405.4339802, 1636453406.904561, 1636453407.9529822, 1636453410.8795135, 1636453412.3565187, 1636453413.8597174, 1636453415.2778366, 1636453416.798606, 1636453417.7097094, 1636453418.6873784, 1636453421.694412, 1636453423.1752884, 1636453423.9457612, 1636453424.7411518, 1636453426.1733608, 1636453427.3894663, 1636453428.9585073, 1636453430.4029834, 1636453431.0609102, 1636453434.1279554, 1636453435.2035599, 1636453436.652455, 1636453437.8971076, 1636453438.9942784, 1636453439.714842, 1636453440.887189, 1636453442.281177, 1636453445.2154508, 1636453446.317946, 1636453447.829548, 1636453449.3624353, 1636453450.8655798, 1636453452.3221712, 1636453453.7667663, 1636453456.7688217, 1636453458.2690907, 1636453459.738703, 1636453461.2247868, 1636453462.365232, 1636453463.3044815, 1636453464.037594, 1636453465.483649, 1636453468.5440054, 1636453469.9711132, 1636453470.7955005, 1636453472.3213792, 1636453473.1351345, 1636453474.4310997, 1636453475.853059, 1636453476.8080442, 1636453479.1916888, 1636453480.6661294, 1636453481.55128, 1636453483.0058243, 1636453483.8246992, 1636453484.2026124, 1636453485.1081104, 1636453486.5149755, 1636453487.2342677, 1636453488.169947, 1636453491.209753, 1636453492.3849914, 1636453493.2732575, 1636453494.485252, 1636453495.0258048, 1636453495.8833668, 1636453496.9869583, 1636453498.3840668, 1636453499.853565, 1636453500.4659092, 1636453503.5071356, 1636453504.581341, 1636453505.8502789, 1636453507.2458906, 1636453508.224603, 1636453509.6614804, 1636453510.8322825, 1636453512.374628, 1636453514.970093, 1636453515.6195536, 1636453516.18085, 1636453517.6910546, 1636453519.1427352, 1636453519.7788248, 1636453521.1999047, 1636453521.9491937, 1636453523.357414, 1636453525.9326556, 1636453526.9651191, 1636453528.4657164, 1636453529.9354682, 1636453530.38794, 1636453531.5594714, 1636453532.555624, 1636453533.085809, 1636453533.8175263, 1636453535.0205245, 1636453538.9817398, 1636453539.5501087, 1636453540.1898468, 1636453540.6548946, 1636453541.2905114, 1636453542.9015164, 1636453544.59551, 1636453547.3853571, 1636453548.4784489, 1636453549.2936902, 1636453550.2246866, 1636453551.707953, 1636453554.4351227, 1636453555.936123, 1636453556.6168523, 1636453557.698025, 1636453558.917674, 1636453559.817664, 1636453561.453609, 1636453561.9389932, 1636453563.5999784, 1636453564.5686939, 1636453567.4182534, 1636453568.2696924, 1636453569.053126, 1636453570.1299448, 1636453571.2929575, 1636453572.0375326, 1636453572.6574993, 1636453573.2164488, 1636453574.683437, 1636453575.3467495, 1636453576.3846495, 1636453577.3203018, 1636453580.185278, 1636453581.0422034, 1636453581.9177227, 1636453582.3177242, 1636453582.9670737, 1636453583.9962807, 1636453584.9678357, 1636453585.8038, 1636453587.0033782, 1636453587.8529754, 1636453588.5581634, 1636453589.0353858, 1636453589.558784, 1636453592.0240626, 1636453592.8180017, 1636453593.7822094, 1636453594.3360968, 1636453595.0495658, 1636453595.5338888, 1636453596.3706079, 1636453597.2991555, 1636453597.939919, 1636453598.8112304, 1636453599.3189719, 1636453599.831552, 1636453600.5060456, 1636453601.668376, 1636453602.1081395, 1636453605.0007334, 1636453605.8299534, 1636453606.91563, 1636453607.5418227, 1636453608.6445048, 1636453609.4919221, 1636453610.444501, 1636453611.0068934, 1636453611.947278, 1636453612.553366, 1636453613.6547892, 1636453614.3015096, 1636453616.4426112, 1636453617.0262372, 1636453618.2285624, 1636453618.9534338, 1636453620.3254771, 1636453621.2329311, 1636453622.052927, 1636453623.208395, 1636453624.4683802, 1636453625.0723743, 1636453626.1135774, 1636453628.4222462, 1636453629.4382904, 1636453630.6079931, 1636453631.7069712, 1636453633.0130887, 1636453633.8707721, 1636453634.6667085, 1636453636.1712189, 1636453636.8295782, 1636453639.5972278, 1636453641.032494, 1636453641.9520614, 1636453642.6184435, 1636453643.3484507, 1636453644.191339, 1636453645.038305, 1636453645.7246976, 1636453646.3983433, 1636453647.7261565, 1636453648.9764912, 1636453649.4003985, 1636453649.7428696, 1636453651.7570817, 1636453652.737528, 1636453653.4837935, 1636453654.3720896, 1636453655.4488842, 1636453655.998557, 1636453656.815588, 1636453657.934066, 1636453658.7166495, 1636453659.3125312, 1636453660.6845107, 1636453662.0626807, 1636453664.0800264, 1636453664.7007205, 1636453665.592761, 1636453666.4344814, 1636453667.8577242, 1636453668.7821324, 1636453669.30517, 1636453670.55734, 1636453671.1343458, 1636453671.7032292, 1636453672.341658, 1636453673.2565486, 1636453673.637832, 1636453677.3105896, 1636453678.4665887, 1636453678.915873, 1636453679.7334008, 1636453680.4335926, 1636453680.9184334, 1636453682.1121218, 1636453682.6783838, 1636453683.5374541, 1636453684.003594, 1636453685.0973306, 1636453685.884582, 1636453687.1122527, 1636453689.6338491, 1636453690.4785416, 1636453691.211037, 1636453691.9199917, 1636453692.767081, 1636453693.4486072, 1636453694.0542724, 1636453694.7321854, 1636453695.4027386, 1636453696.1303406, 1636453696.8123002, 1636453697.4220605, 1636453698.0532062, 1636453698.509328, 1636453699.345386, 1636453703.0294118, 1636453703.9376647, 1636453704.2771652, 1636453704.780219, 1636453705.5337017, 1636453706.4167733, 1636453707.7709637, 1636453708.192576, 1636453708.6645179, 1636453709.1052537, 1636453709.5409052, 1636453710.3387432, 1636453710.831836, 1636453711.5649955, 1636453711.9224489, 1636453712.3916535, 1636453715.148025, 1636453715.8202481, 1636453717.006379, 1636453718.6672485, 1636453719.3636115, 1636453720.1248775, 1636453720.8915346, 1636453722.3782594, 1636453723.8684218, 1636453724.4779859, 1636453725.6671333, 1636453728.785708, 1636453729.3429348, 1636453730.068368, 1636453731.5121017, 1636453732.2580192, 1636453733.0380201, 1636453733.8141503, 1636453734.3654191, 1636453735.204727, 1636453736.1200378, 1636453736.6391456, 1636453737.410868, 1636453738.123495, 1636453741.801151, 1636453742.7684817, 1636453743.5618885, 1636453744.6289246, 1636453745.2190797, 