{"initial_reset_timestamp": 1636686500.475889, "timestamps": [1636686501.6633525, 1636686501.8720148, 1636686502.1728063, 1636686502.4516227, 1636686502.725678, 1636686502.990496, 1636686505.0001934, 1636686505.2835362, 1636686505.575004, 1636686505.8533826, 1636686506.1186023, 1636686506.3939664, 1636686506.658124, 1636686509.6197352, 1636686511.1840832, 1636686512.8125293, 1636686514.541233, 1636686516.162458, 1636686517.7627068, 1636686519.5131786, 1636686522.8742452, 1636686524.5632603, 1636686525.3209305, 1636686526.9120533, 1636686528.4781108, 1636686529.6082358, 1636686531.186293, 1636686534.832091, 1636686536.4721823, 1636686538.096432, 1636686539.8653235, 1636686541.5495055, 1636686543.312572, 1636686545.0083199, 1636686548.4758158, 1636686550.2558577, 1636686551.9207683, 1636686553.513526, 1636686555.4043138, 1636686557.076767, 1636686560.4438865, 1636686562.1532981, 1636686563.7702425, 1636686565.461157, 1636686567.113201, 1636686568.6356838, 1636686570.4111056, 1636686573.8547773, 1636686575.5913475, 1636686577.353748, 1636686578.9749188, 1636686580.664212, 1636686582.3533325, 1636686583.9567661, 1636686587.4125137, 1636686589.0995064, 1636686590.7404034, 1636686592.4717112, 1636686594.1269217, 1636686595.6603053, 1636686599.0749087, 1636686600.9522822, 1636686602.7091079, 1636686604.5126863, 1636686606.091956, 1636686607.8008382, 1636686609.5383253, 1636686613.4803536, 1636686615.009822, 1636686615.6085832, 1636686616.9689188, 1636686618.340628, 1636686620.148707, 1636686623.1556394, 1636686624.6091042, 1636686628.2253654, 1636686629.4266915, 1636686630.987803, 1636686632.3826022, 1636686634.5267184, 1636686635.9609325, 1636686637.8770542, 1636686641.1990259, 1636686642.495351, 1636686643.8332157, 1636686645.7515335, 1636686647.462687, 1636686649.9377441, 1636686651.7363796, 1636686655.6633954, 1636686656.2909727, 1636686657.708015, 1636686659.6554837, 1636686661.1311781, 1636686663.0324664, 1636686664.4585378, 1636686668.6639395, 1636686670.5935388, 1636686672.0147676, 1636686673.4986334, 1636686675.065983, 1636686676.3836913, 1636686677.8201082, 1636686681.3285398, 1636686683.1041017, 1636686684.7290392, 1636686686.2597315, 1636686687.7087216, 1636686689.35068, 1636686690.7129948, 1636686693.6915941, 1636686695.2131748, 1636686696.659195, 1636686698.1289618, 1636686699.2741904, 1636686700.6899164, 1636686702.246177, 1636686705.2672975, 1636686706.7750292, 1636686708.20674, 1636686709.772203, 1636686711.2268944, 1636686712.6634274, 1636686714.148572, 1636686717.0506818, 1636686718.5352, 1636686720.0788898, 1636686721.5467772, 1636686722.9604554, 1636686724.5638523, 1636686727.553702, 1636686729.086351, 1636686730.5497794, 1636686732.0030174, 1636686733.4295545, 1636686735.0391302, 1636686736.5309248, 1636686739.7262716, 1636686741.201033, 1636686742.5855901, 1636686744.0006526, 1636686745.5380993, 1636686747.0162354, 1636686748.3990426, 1636686752.2544878, 1636686753.6888645, 1636686755.2201152, 1636686756.6251853, 1636686758.193961, 1636686759.6966195, 1636686762.6476276, 1636686764.2095237, 1636686765.7549016, 1636686767.2089188, 1636686768.6098516, 1636686770.0140119, 1636686771.34309, 1636686774.4578018, 1636686775.8380375, 1636686777.192693, 1636686778.5991032, 1636686780.1789525, 1636686781.255888, 1636686782.6932888, 1636686785.7594361, 1636686787.18991, 1636686788.6159203, 1636686790.1996882, 1636686791.6368735, 1636686793.0424263, 1636686794.5451035, 1636686797.4815452, 1636686798.9264116, 1636686800.4352193, 1636686801.8332157, 1636686803.2694643, 1636686804.8554192, 1636686807.8399668, 1636686809.2373614, 1636686810.6360655, 1636686812.10724, 1636686813.588875, 1636686815.1331472, 1636686816.5567334, 1636686819.5456376, 1636686820.9896922, 1636686822.4010904, 1636686823.8168044, 1636686825.0892978, 1636686826.4964359, 1636686827.6626644, 1636686830.7756484, 1636686831.908615, 1636686833.34052, 1636686834.9769716, 1636686836.4497278, 1636686837.8608925, 1636686839.1113935, 1636686840.6182745, 1636686843.7394538, 1636686845.3479497, 1636686846.795214, 1636686847.7002208, 1636686849.1796541, 1636686850.6263826, 1636686852.1020887, 1636686855.3053956, 1636686856.7954955, 1636686858.2587352, 1636686859.8312402, 1636686861.312625, 1636686862.7074206, 1636686865.8502042, 1636686867.1578615, 1636686868.5857008, 1636686870.2050245, 1636686871.6877716, 1636686873.1187477, 1636686874.7201078, 1636686877.9151826, 1636686879.5159097, 1636686880.8923168, 1636686882.3399682, 1636686883.783552, 1636686885.3345418, 1636686886.7672024, 1636686890.2343526, 1636686891.7004464, 1636686893.1418436, 1636686894.635733, 1636686896.1382704, 1636686897.5577362, 1636686901.024421, 1636686902.5019653, 1636686903.9819741, 1636686905.553694, 1636686907.0463202, 1636686908.4975886, 1636686910.0649939, 1636686913.8456924, 1636686915.3783004, 1636686916.827303, 1636686918.382647, 1636686919.8604364, 1636686921.3487768, 1636686922.789891, 1636686925.88792, 1636686927.39232, 1636686928.866351, 1636686930.4618392, 1636686931.8969443, 1636686933.330736, 1636686936.6302478, 1636686938.1023042, 1636686939.6811357, 1636686941.1371825, 1636686942.6152282, 1636686944.105415, 1636686945.6561732, 1636686949.555288, 1636686951.0566049, 1636686952.5161421, 1636686953.9196064, 1636686955.4877322, 1636686956.9149284, 1636686958.4101946, 1636686961.690128, 1636686963.1715183, 1636686964.8099067, 1636686966.2347033, 1636686967.7335484, 1636686969.2688675, 1636686973.1294534, 1636686974.8091536, 1636686976.4897408, 1636686979.2398794, 1636686981.7438715, 1636686983.9424236, 1636686986.2487514, 1636686989.8203897, 1636686991.9038393, 1636686993.4082937, 1636686995.4834661, 1636686998.2945704, 1636687000.1563158, 1636687001.744818, 1636687005.8881326, 1636687008.6732275, 1636687010.3371928, 1636687011.8864462, 1636687013.412098, 1636687015.068697, 1636687016.5848036, 1636687019.7082992, 1636687021.6609805, 1636687025.818023, 1636687027.462083, 1636687029.3904421, 1636687031.8082592, 1636687035.60969, 1636687037.8520103, 1636687041.1694124, 1636687043.9499936, 1636687047.060616, 1636687051.1679852, 1636687054.6194549, 1636687058.0949545, 1636687059.9580226, 1636687061.7091115, 1636687063.3022153, 1636687065.69369, 1636687068.8262408, 1636687071.7603009, 1636687075.4258819, 1636687076.9309978, 1636687078.3955262, 1636687080.7759998, 1636687082.5197525, 1636687084.2780387, 1636687088.388874, 1636687091.223743, 1636687092.9084063, 1636687095.094331, 1636687096.7379916, 1636687098.3798647, 1636687099.8971972, 1636687103.7008615, 1636687105.6162517, 1636687107.8150036, 1636687110.8742826, 1636687112.3858325, 1636687114.0722976, 1636687115.9290757, 1636687121.0206013, 1636687123.1086428, 1636687125.9143033, 1636687128.5331733, 1636687132.498223, 1636687134.4746366],