{"initial_reset_timestamp": 1636686500.585493, "timestamps": [1636686500.733256, 1636686500.877656, 1636686501.0255184, 1636686501.1673996, 1636686501.3094423, 1636686501.4501126, 1636686501.5935965, 1636686503.97082, 1636686504.1210845, 1636686504.302262, 1636686504.4573498, 1636686504.6093247, 1636686504.768123, 1636686504.9241016, 1636686507.5842996, 1636686507.7273564, 1636686507.8757348, 1636686508.0173051, 1636686508.1578338, 1636686508.305794, 1636686508.4519486, 1636686520.4448478, 1636686520.578803, 1636686520.7142992, 1636686520.8544276, 1636686520.9884295, 1636686521.1214514, 1636686521.2626488, 1636686533.02967, 1636686533.1712444, 1636686533.3218977, 1636686533.4657214, 1636686533.6109216, 1636686533.7589023, 1636686533.903833, 1636686546.3848178, 1636686546.528731, 1636686546.6741087, 1636686546.8274593, 1636686546.9708514, 1636686547.1155984, 1636686547.2682703, 1636686559.3873866, 1636686559.5319, 1636686559.6768792, 1636686559.831388, 1636686559.976588, 1636686560.1253529, 1636686560.2893062, 1636686572.366511, 1636686572.4968507, 1636686572.6290398, 1636686572.7666664, 1636686572.8991683, 1636686573.0306258, 1636686573.162562, 1636686585.4067268, 1636686585.5362403, 1636686585.6932511, 1636686585.8306117, 1636686585.96122, 1636686586.0980062, 1636686586.2331097, 1636686598.1866171, 1636686598.3316927, 1636686598.4700687, 1636686598.6104589, 1636686598.7558796, 1636686598.9018712, 1636686599.0406659, 1636686611.4943328, 1636686611.6298947, 1636686611.7656238, 1636686611.8989491, 1636686612.0413384, 1636686612.1810405, 1636686612.3180053, 1636686625.7009, 1636686625.844744, 1636686625.9991295, 1636686626.143945, 1636686626.2883162, 1636686626.4272451, 1636686626.5696316, 1636686639.0201712, 1636686639.1663742, 1636686639.296578, 1636686639.4270873, 1636686639.5554585, 1636686639.6856978, 1636686639.8148096, 1636686652.9045205, 1636686653.0339425, 1636686653.1646223, 1636686653.292235, 1636686653.4205527, 1636686653.5462642, 1636686653.6764421, 1636686666.1457644, 1636686666.2967248, 1636686666.4477088, 1636686666.6039834, 1636686666.7619414, 1636686666.9140134, 1636686667.0729709, 1636686679.8994033, 1636686680.0414424, 1636686680.1861794, 1636686680.3250973, 1636686680.466611, 1636686680.6110423, 1636686680.7524304, 1636686692.4150772, 1636686692.5421078, 1636686692.6737509, 1636686692.8033805, 1636686692.9332616, 1636686693.0627477, 1636686693.1924818, 1636686703.88088, 1636686704.0240338, 1636686704.1567469, 1636686704.3020568, 1636686704.44084, 1636686704.5747337, 1636686704.7124958, 1636686715.309243, 1636686715.4354239, 1636686715.5619423, 1636686715.686215, 1636686715.8118382, 1636686715.9419322, 1636686716.0719826, 1636686726.586903, 1636686726.7254546, 1636686726.8638833, 1636686727.005486, 1636686727.1438735, 1636686727.2807322, 1636686727.4205928, 1636686738.26177, 1636686738.391014, 1636686738.5271642, 1636686738.655517, 1636686738.783884, 1636686738.9142995, 1636686739.048048, 1636686749.5876741, 1636686749.7208753, 1636686749.8532789, 1636686750.011318, 1636686750.1399148, 1636686750.2687259, 1636686750.3997054, 1636686761.7554684, 1636686761.8848093, 1636686762.019595, 1636686762.1496747, 1636686762.2795784, 1636686762.4095342, 1636686762.54245, 1636686772.9479637, 1636686773.0759792, 1636686773.2042084, 1636686773.3319619, 1636686773.4597352, 1636686773.5864935, 1636686773.713197, 1636686784.2725177, 1636686784.4123979, 1636686784.5396917, 1636686784.6803355, 1636686784.8228757, 1636686784.9375093, 1636686785.0595832, 1636686785.1996129, 1636686795.7150872, 1636686795.8444839, 1636686795.9772255, 1636686796.1094062, 1636686796.2419262, 1636686796.3738081, 1636686796.507811, 1636686806.8543885, 1636686806.9966745, 1636686807.146469, 1636686807.2860706, 1636686807.4265337, 1636686807.5677629, 1636686807.7085195, 1636686818.3139067, 1636686818.4563649, 1636686818.5981407, 1636686818.7298672, 1636686818.8697877, 1636686819.0130038, 1636686819.125814, 1636686819.2524488, 1636686829.6948435, 1636686829.8262222, 1636686829.9710407, 1636686830.1178467, 1636686830.2636905, 1636686830.386367, 1636686830.500514, 1636686830.6459405, 1636686841.4911263, 1636686841.6351664, 1636686841.7803748, 1636686841.9275804, 1636686842.065618, 1636686842.2170873, 1636686842.342843, 1636686842.4605122, 1636686853.096867, 1636686853.2372973, 1636686853.3620782, 1636686853.5295224, 1636686853.6444328, 1636686853.786204, 1636686853.9290414, 1636686854.053413, 1636686864.5687387, 1636686864.7042077, 1636686864.8471394, 1636686864.9919748, 1636686865.1367683, 1636686865.2788913, 1636686865.4226682, 1636686865.5673525, 1636686876.3060021, 1636686876.4496112, 1636686876.5919309, 1636686876.7060993, 1636686876.8285496, 1636686876.9734612, 1636686877.103801, 1636686877.2000883, 1636686877.3189845, 1636686887.916712, 1636686888.0330245, 1636686888.1266048, 1636686888.228987, 1636686888.35697, 1636686888.4759207, 1636686888.5679698, 1636686888.6750102, 1636686888.7989218, 1636686888.8947349, 1636686889.0388458, 1636686889.1325536, 1636686889.2424378, 1636686899.6185653, 1636686899.7361295, 1636686899.8691006, 1636686899.9655967, 1636686900.0744388, 1636686900.1662722, 1636686900.3003283, 1636686900.4330509, 1636686900.5517805, 1636686900.639786, 1636686900.7622561, 1636686900.8998203, 1636686911.6652334, 1636686911.7761579, 1636686911.8820994, 1636686911.9836504, 1636686912.0770397, 1636686912.1650825, 1636686912.3151467, 1636686912.432974, 1636686912.5191784, 1636686912.6237073, 1636686912.7253077, 1636686912.8140264, 1636686912.9043298, 1636686913.0065823, 1636686913.1033075, 1636686913.1989594, 1636686913.3344038, 1636686923.9741, 1636686924.121073, 1636686924.2662585, 1636686924.408252, 1636686924.5117812, 1636686924.6517842, 1636686924.7919118, 1636686924.9028223, 1636686935.591864, 1636686935.7147925, 1636686935.8540955, 1636686935.996245, 1636686936.1396048, 1636686936.2483625, 1636686936.387827, 1636686936.5293763, 1636686947.2339633, 1636686947.3611999, 1636686947.4773192, 1636686947.56955, 1636686947.6689851, 1636686947.7765129, 1636686947.8879523, 1636686948.015128, 1636686948.1402643, 1636686948.23934, 1636686948.3338642, 1636686948.4481661, 1636686948.5468569, 1636686948.645236, 1636686948.7410183, 1636686948.8448458, 1636686959.569258, 1636686959.683898, 1636686959.8047018, 1636686959.9485545, 1636686960.0786254, 1636686960.2119727, 1636686960.316656, 1636686960.461969, 1636686960.5968747, 1636686960.731329, 1636686971.4918706, 1636686971.6368206, 1636686971.7381713, 1636686971.867289, 1636686972.001132, 1636686972.1246102, 1636686972.2201917, 1636686972.3751545, 1636686972.4913278, 1636686972.6182847, 1636686972.766564, 1636686988.3194284, 1636686988.4199157, 1636686988.5172393, 1636686988.639411, 1636686988.7597687, 1636686988.8940828, 1636686989.0354593, 1636686989.1365519, 1636686989.2584898, 1636686989.3808687, 1636686989.5203445, 1636687003.7500496, 1636687003.86638, 1636687004.0111682, 1636687004.1727335, 1636687004.2956288, 1636687004.405364, 1636687004.5124524, 1636687004.653043, 1636687004.7742462, 1636687004.8623638, 1636687017.5827935, 1636687017.7045686, 1636687017.8476315, 1636687017.9901717, 1636687018.1300402, 1636687018.27825, 1636687018.3913443, 1636687018.5316257, 1636687033.8089411, 1636687033.914514, 1636687034.0460236, 1636687034.1531143, 1636687034.2667062, 1636687034.365887, 1636687034.4903007, 1636687034.6083329, 1636687034.7133875, 1636687034.8319318, 1636687034.9426274, 1636687035.067645, 1636687035.2494018, 1636687056.1418655, 1636687056.2418482, 1636687056.390432, 1636687056.501625, 1636687056.6446908, 1636687056.789672, 1636687056.9353871, 1636687057.0881987, 1636687072.8082666, 1636687072.961275, 1636687073.1179698, 1636687073.2200856, 1636687073.3622477, 1636687073.4601371, 1636687073.6021361, 1636687073.7460065, 1636687073.857432, 1636687086.6064224, 1636687086.7246778, 1636687086.8630724, 1636687087.0102544, 1636687087.1298015, 1636687087.2336152, 1636687087.3421812, 1636687087.4359708, 1636687087.5378683, 