{"initial_reset_timestamp": 1636687429.5150187, "timestamps": [1636687429.6595104, 1636687429.8002532, 1636687429.9433, 1636687430.081443, 1636687430.2211215, 1636687430.358667, 1636687430.4969456, 1636687433.0914478, 1636687433.2355356, 1636687433.3891792, 1636687433.5479007, 1636687433.7029653, 1636687433.851917, 1636687433.9969943, 1636687436.6350985, 1636687436.7761018, 1636687436.9135935, 1636687437.0633976, 1636687437.199865, 1636687437.3399816, 1636687437.4814615, 1636687451.207847, 1636687451.3463123, 1636687451.4733832, 1636687451.601658, 1636687451.731858, 1636687451.859758, 1636687451.9872475, 1636687463.6101558, 1636687463.743065, 1636687463.8778114, 1636687464.0119839, 1636687464.1524932, 1636687464.2893271, 1636687464.4239936, 1636687478.8630052, 1636687478.9984403, 1636687479.132857, 1636687479.2704835, 1636687479.4002595, 1636687479.5305524, 1636687479.665947, 1636687493.4083157, 1636687493.5425098, 1636687493.6733353, 1636687493.8053167, 1636687493.9400747, 1636687494.0726752, 1636687494.2140195, 1636687508.4532163, 1636687508.582409, 1636687508.7091248, 1636687508.835616, 1636687508.964635, 1636687509.0913708, 1636687509.2274203, 1636687520.862809, 1636687521.006388, 1636687521.1527066, 1636687521.294679, 1636687521.4393308, 1636687521.6072304, 1636687521.7525465, 1636687534.6399782, 1636687534.8021307, 1636687534.949113, 1636687535.0906322, 1636687535.2414103, 1636687535.3862703, 1636687535.5263155, 1636687548.3565788, 1636687548.4974597, 1636687548.6392307, 1636687548.7830482, 1636687548.922797, 1636687549.0940945, 1636687549.2502525, 1636687562.0252602, 1636687562.1705918, 1636687562.312571, 1636687562.4571018, 1636687562.5981505, 1636687562.7397974, 1636687562.8812573, 1636687575.8729196, 1636687576.015064, 1636687576.181494, 1636687576.3225677, 1636687576.464747, 1636687576.607034, 1636687576.7504332, 1636687589.4149346, 1636687589.5564587, 1636687589.701277, 1636687589.8471847, 1636687589.9906783, 1636687590.1337492, 1636687590.2762148, 1636687603.0988054, 1636687603.2400622, 1636687603.3857865, 1636687603.5284538, 1636687603.6693015, 1636687603.8088768, 1636687603.9506767, 1636687614.6572201, 1636687614.7990575, 1636687614.9436183, 1636687615.0473778, 1636687615.1891613, 1636687615.318485, 1636687615.443036, 1636687615.5762715, 1636687615.718363, 1636687626.5765512, 1636687626.6620576, 1636687626.753651, 1636687626.8626099, 1636687626.956361, 1636687627.0569012, 1636687627.1488013, 1636687627.2371287, 1636687627.3248172, 1636687627.4125648, 1636687627.499359, 1636687627.5862408, 1636687627.6808167, 1636687627.7782075, 1636687627.8809085, 1636687627.9699686, 1636687628.0672143, 1636687628.1604047, 1636687628.26253, 1636687628.3542578, 1636687628.44033, 1636687628.5269084, 1636687628.6194263, 1636687628.724791, 1636687628.8162978, 1636687628.920842, 1636687639.6302269, 1636687639.7488954, 1636687639.838888, 1636687639.9356337, 1636687640.0240057, 1636687640.1180966, 1636687640.2038283, 1636687640.3026655, 1636687640.403831, 1636687640.498894, 1636687640.5961292, 1636687640.6887589, 1636687640.7851853, 1636687640.8820593, 1636687640.9801924, 1636687641.0693338, 1636687641.163946, 1636687641.2590244, 1636687641.3564005, 1636687641.4459004, 1636687641.5307195, 1636687641.6256661, 1636687641.7210982, 1636687641.8099654, 1636687652.8074434, 1636687652.8963928, 1636687652.999756, 1636687653.1096685, 1636687653.196344, 1636687653.3203363, 1636687653.409569, 1636687653.497038, 1636687653.5840046, 1636687653.675929, 1636687653.7743816, 1636687653.868028, 1636687653.9679294, 1636687654.058919, 1636687654.1668022, 1636687654.2608638, 1636687654.3742852, 1636687654.4671423, 1636687654.5637982, 1636687654.6510653, 1636687654.7560596, 1636687654.8504684, 1636687654.9376173, 1636687655.0229108, 1636687655.1147294, 1636687655.2035797, 1636687669.4595702, 1636687669.5493581, 1636687669.643883, 1636687669.7370465, 1636687669.827786, 1636687669.9305265, 1636687670.0177548, 1636687670.1246748, 1636687670.2157888, 1636687670.3129056, 1636687670.436824, 1636687670.5243242, 1636687670.6114125, 1636687670.696009, 1636687670.7885928, 1636687670.8859625, 1636687670.9778576, 1636687671.0964777, 1636687671.191358, 1636687671.2861698, 1636687671.399148, 1636687671.51697, 1636687671.62378, 1636687671.7252798, 1636687692.157916, 1636687692.249502, 1636687692.3599427, 1636687692.4577, 1636687692.5476453, 1636687692.6493793, 1636687692.7470672, 1636687692.8416276, 1636687692.9530334, 1636687693.0468214, 1636687693.1317024, 1636687693.229657, 1636687693.3226285, 1636687693.42098, 1636687693.5239065, 1636687693.616344, 1636687693.718237, 1636687693.8384767, 1636687693.925185, 1636687694.0381868, 1636687694.1379454, 1636687711.8614402, 1636687711.9752858, 1636687712.118375, 1636687712.2319994, 1636687712.3521621, 1636687712.462776, 1636687712.568131, 1636687712.6773639, 1636687712.7839153, 1636687712.8793051, 1636687712.9826214, 1636687713.095574, 1636687713.2080226, 1636687726.864519, 1636687727.0305953, 1636687727.1565878, 1636687727.2783597, 1636687727.4133902, 1636687727.5232816, 1636687727.6279259, 1636687727.7216752, 1636687727.8429215, 1636687727.9837244, 1636687728.0849779, 1636687728.2125194, 1636687742.1127443, 1636687742.2187364, 1636687742.3170035, 1636687742.403434, 1636687742.5359576, 1636687742.6690848, 1636687742.8023179, 1636687742.9095154, 1636687743.0094438, 1636687743.1295376, 1636687743.2225518, 1636687743.3530827, 1636687756.1623971, 1636687756.2522023, 1636687756.3492749, 1636687756.4937809, 1636687756.5895054, 1636687756.6853328, 1636687756.816125, 1636687756.9671805, 1636687757.0590372, 1636687757.1554527, 1636687757.253093, 1636687757.355943, 1636687757.4664676, 1636687757.6172314, 1636687757.7577016, 1636687770.4421468, 1636687770.5310137, 1636687770.6746051, 1636687770.8059366, 1636687770.9483416, 1636687771.094628, 1636687771.234262, 1636687771.337752, 1636687771.4767454, 1636687786.2374861, 1636687786.3399844, 1636687786.4819107, 1636687786.618922, 1636687786.7522352, 1636687786.8697095, 1636687787.0072904, 1636687787.1053448, 1636687787.2456758, 1636687800.2236798, 1636687800.3636167, 1636687800.501752, 1636687800.6409335, 1636687800.7747548, 1636687800.9185479, 1636687801.0591688, 1636687814.9888089, 1636687815.1298084, 1636687815.2719784, 1636687815.4111035, 1636687815.5503511, 1636687815.684663, 1636687815.8196206, 1636687831.5090573, 1636687831.6496458, 1636687831.7844903, 1636687831.8862479, 1636687832.0256565, 1636687832.1658444, 1636687832.3058555, 1636687832.4340734, 1636687832.5757475, 1636687848.269156, 1636687848.4104657, 1636687848.5454764, 1636687848.679085, 1636687848.8212655, 1636687848.9542942, 1636687849.0888033, 1636687864.1167064, 1636687864.266807, 1636687864.411045, 1636687864.5584524, 1636687864.7029016, 1636687864.8489459, 1636687865.0144193, 1636687878.9142575, 1636687879.048716, 1636687879.186752, 1636687879.3251932, 1636687879.458817, 1636687879.597304, 1636687879.7375534, 1636687894.0873346, 1636687894.2451048, 1636687894.384011, 1636687894.5215724, 1636687894.671575, 1636687894.818295, 1636687894.957556, 1636687909.8768528, 1636687910.0277936, 1636687910.1768317, 1636687910.3200753, 1636687910.4659374, 1636687910.6264944, 1636687910.773723, 1636687910.9150443, 1636687928.0100114, 1636687928.1257591, 1636687928.228011, 1636687928.3252783, 1636687928.4159234, 1636687928.5375535, 1636687928.6424878, 1636687928.7367353, 1636687928.8803637, 1636687929.0212193, 1636687929.1563594, 1636687929.258107, 1636687949.179046, 1636687949.2943163, 1636687949.4123409, 1636687949.5505462, 1636687949.6412528, 1636687949.7278767, 1636687949.858297, 1636687949.979673, 1636687950.0835297, 1636687950.2237475, 1636687950.3218098, 1636687950.4571996, 1636687967.3624897, 1636687967.504717, 1636687967.5977721, 1636687967.7424023, 1636687967.898567, 1636687968.05564, 1636687968.191138, 1636687968.3284757, 1636687986.2070558, 1636687986.3663034, 1636687986.5184839, 1636687986.6676412, 1636687986.8155446, 1636687987.0052207, 