{"initial_reset_timestamp": 1636687429.4055197, "timestamps": [1636687430.5550516, 1636687430.7625425, 1636687431.0954442, 1636687431.4045706, 1636687431.7180014, 1636687432.0530908, 1636687434.0599704, 1636687434.3554256, 1636687434.63491, 1636687434.9163976, 1636687435.1862676, 1636687435.4609964, 1636687435.7336597, 1636687438.404317, 1636687439.874095, 1636687441.2720525, 1636687444.1172786, 1636687445.9372237, 1636687447.7992985, 1636687450.2277067, 1636687453.50418, 1636687455.3436754, 1636687456.8887367, 1636687458.402855, 1636687460.0469465, 1636687461.5716221, 1636687464.902416, 1636687467.4003942, 1636687469.323569, 1636687471.3875997, 1636687473.7522757, 1636687475.6073487, 1636687477.1033428, 1636687481.3149188, 1636687483.0642166, 1636687485.3970883, 1636687487.2539756, 1636687488.8705845, 1636687490.8012757, 1636687492.5115757, 1636687495.9042253, 1636687497.3439603, 1636687499.761872, 1636687501.1203196, 1636687503.464999, 1636687505.2592912, 1636687507.0840628, 1636687510.4195035, 1636687512.202897, 1636687513.9314265, 1636687515.7648857, 1636687517.283875, 1636687518.7934916, 1636687522.0812736, 1636687523.842485, 1636687525.6582756, 1636687527.476873, 1636687529.354461, 1636687530.9309978, 1636687532.7223556, 1636687536.3409624, 1636687538.352916, 1636687540.1252084, 1636687541.7072794, 1636687543.437504, 1636687545.2891245, 1636687546.9634542, 1636687550.4029663, 1636687552.1006062, 1636687553.832348, 1636687555.744523, 1636687557.499262, 1636687559.4873707, 1636687562.9630125, 1636687564.849855, 1636687566.6432657, 1636687568.5044918, 1636687570.3874004, 1636687572.3720722, 1636687574.101546, 1636687577.364507, 1636687579.6334233, 1636687581.1648037, 1636687582.6265125, 1636687584.4107242, 1636687585.983171, 1636687588.0742753, 1636687591.3886564, 1636687593.216054, 1636687595.1020339, 1636687596.844762, 1636687598.839816, 1636687600.518021, 1636687604.036072, 1636687605.1758533, 1636687606.605311, 1636687608.091889, 1636687609.676422, 1636687611.1249394, 1636687612.603069, 1636687615.8526285, 1636687617.3778794, 1636687618.826579, 1636687620.4489353, 1636687621.9352, 1636687623.3696275, 1636687624.9568546, 1636687629.6206553, 1636687631.1087759, 1636687632.5746675, 1636687634.0266104, 1636687635.5540473, 1636687636.976691, 1636687638.4920537, 1636687642.891982, 1636687644.4878082, 1636687645.9334316, 1636687647.4308848, 1636687648.8835464, 1636687650.5789118, 1636687655.5083373, 1636687657.3088136, 1636687659.3461037, 1636687661.3386343, 1636687663.2172408, 1636687665.6519358, 1636687667.6352477, 1636687672.6180308, 1636687674.7174673, 1636687676.7904027, 1636687680.4835145, 1636687683.9035575, 1636687688.5835383, 1636687690.8505685, 1636687695.6800246, 1636687701.3110929, 1636687703.5937, 1636687705.772347, 1636687707.621425, 1636687709.6037526, 1636687713.543812, 1636687715.4227433, 1636687717.1715922, 1636687718.997941, 1636687721.2462668, 1636687723.1054187, 1636687724.9740798, 1636687728.7700422, 1636687731.3176966, 1636687732.859991, 1636687734.6453867, 1636687736.7240129, 1636687738.7265735, 1636687740.8569572, 1636687744.7092516, 1636687746.5074747, 1636687748.2009833, 1636687750.0364432, 1636687751.9332926, 1636687753.5980096, 1636687757.9378874, 1636687759.7331405, 1636687761.400232, 1636687763.133664, 1636687764.9296548, 1636687766.6913514, 1636687768.3877466, 1636687772.1723526, 1636687774.105324, 1636687775.9731474, 1636687778.0030172, 1636687780.4254544, 1636687782.4225032, 1636687784.6713583, 1636687788.6160574, 1636687790.5038736, 1636687792.1763518, 1636687793.9332008, 1636687795.860391, 1636687797.6503923, 1636687801.212136, 1636687802.7981591, 1636687804.560561, 1636687806.7015016, 1636687808.7633028, 1636687810.668019, 1636687812.7697744, 1636687816.5419078, 1636687818.599029, 1636687820.9586368, 1636687823.19748, 1636687825.3645325, 1636687827.8451364, 1636687830.1636543, 1636687834.7780137, 1636687838.3979518, 1636687840.5795648, 1636687842.3587472, 1636687844.0704985, 1636687845.9640634, 1636687849.242549, 1636687850.985339, 1636687852.7666311, 1636687855.2314432, 1636687857.219843, 1636687860.1384556, 1636687862.3313766, 1636687866.6814673, 1636687868.9843535, 1636687870.6729498, 1636687872.28257, 1636687873.9448926, 1636687875.85085, 1636687877.7154086, 1636687880.8431833, 1636687882.5793786, 1636687885.5947134, 1636687887.4694297, 1636687889.6713395, 1636687891.6280668, 1636687895.3114047, 1636687897.3320456, 1636687899.3911932, 1636687901.1958172, 1636687903.0350273, 1636687905.8847053, 1636687907.974459, 1636687911.9847152, 1636687913.8660767, 1636687916.6977086, 1636687918.6800525, 1636687920.9614272, 1636687923.442859, 1636687926.3435843, 1636687932.3581514, 1636687937.2966707, 1636687939.107781, 1636687942.2622135, 1636687944.3155446, 1636687946.6378882, 1636687950.589355, 1636687952.6888692, 1636687955.9039752, 1636687958.3158965, 1636687960.4741611, 1636687962.9163382, 1636687965.2437878, 1636687969.0701678, 1636687971.7687976, 1636687973.4486628, 1636687975.7357628, 1636687978.3325586, 1636687981.9195392, 1636687984.4777405, 1636687988.4832416, 1636687990.720116, 1636687992.8488991, 1636687995.1275477, 1636687997.1806211, 1636687999.4976387, 1636688003.2829018, 1636688005.537131, 1636688007.7937155, 1636688010.0191011, 1636688011.8578022, 1636688013.8386254, 1636688016.2536578, 1636688020.6410062, 1636688023.2813332, 1636688025.7519102, 1636688027.4436831, 1636688029.380018, 1636688031.3459895, 1636688033.589894, 1636688037.551821, 1636688039.9698122, 1636688041.7567966, 1636688043.2576377, 1636688045.038722, 1636688046.7922242, 1636688050.565387, 1636688052.4179277, 1636688053.9853358, 1636688055.8418822, 1636688057.8489058, 1636688060.067178, 1636688061.7808268, 1636688065.2019982, 1636688067.7289176, 1636688069.6295123, 1636688071.3068838, 1636688073.1384583, 1636688074.9728398, 1636688077.2520857, 1636688081.0876892, 1636688082.922009, 1636688086.1011722, 1636688087.926661, 1636688089.7837021, 1636688091.6140003, 1636688094.9919784, 1636688096.7329645, 1636688098.6220248, 1636688100.7176375, 1636688102.4558272, 1636688104.0522742, 1636688106.0708401, 1636688109.5738685, 1636688111.5444627, 1636688113.3557165, 1636688115.2771018, 1636688117.1055288, 1636688118.9829211, 1636688120.7925818, 1636688125.0166538, 1636688127.1581511, 1636688130.2261763, 1636688134.1584132, 1636688136.7015545, 1636688139.179769, 1636688143.0523105, 1636688144.7910635, 1636688146.6886969, 1636688148.547643, 1636688150.563781, 1636688152.4391403, 1636688156.1526072, 1636688159.7646453, 1636688161.539472, 1636688163.1349008, 1636688164.7648118, 1636688166.531844, 1636688168.2673066, 1636688169.9703887],