{"initial_reset_timestamp": 1636683117.839758, "timestamps": [1636683119.072886, 1636683119.2931252, 1636683119.6103792, 1636683119.9105704, 1636683120.2842426, 1636683120.5897398, 1636683122.5572243, 1636683122.7425063, 1636683123.0070965, 1636683123.2704046, 1636683123.5332923, 1636683123.8092616, 1636683124.095018, 1636683126.282637, 1636683127.5803065, 1636683128.9844112, 1636683130.47888, 1636683133.1187594, 1636683134.8971932, 1636683136.1772592, 1636683139.356363, 1636683141.6655211, 1636683143.2312822, 1636683144.5561392, 1636683145.8651354, 1636683147.2542367, 1636683148.6192565, 1636683151.4349945, 1636683152.74378, 1636683154.0710506, 1636683155.5405443, 1636683157.06991, 1636683158.610397, 1636683161.8275876, 1636683163.8234427, 1636683165.493737, 1636683167.0894506, 1636683168.7034383, 1636683170.1018262, 1636683171.7191448, 1636683174.8568058, 1636683176.4561815, 1636683178.5624874, 1636683180.2468894, 1636683181.8992188, 1636683183.720272, 1636683185.356988, 1636683188.353713, 1636683189.7252429, 1636683191.1101632, 1636683192.4955056, 1636683194.0411084, 1636683195.6215467, 1636683198.980656, 1636683200.280926, 1636683201.6385546, 1636683202.9916368, 1636683204.303986, 1636683205.6658602, 1636683206.7181807, 1636683209.5797496, 1636683210.912176, 1636683212.2259457, 1636683213.5452163, 1636683214.8783984, 1636683216.177818, 1636683217.50013, 1636683220.3618317, 1636683221.6732097, 1636683223.0059938, 1636683224.3657067, 1636683225.6489542, 1636683226.951242, 1636683228.1252167, 1636683230.9947088, 1636683232.2912235, 1636683233.5650263, 1636683234.984528, 1636683236.2906697, 1636683237.5902867, 1636683238.7812717, 1636683241.746309, 1636683243.0763724, 1636683244.4166133, 1636683245.7221572, 1636683247.1308374, 1636683248.2549484, 1636683251.1282384, 1636683252.456947, 1636683253.6697245, 1636683255.0153887, 1636683256.3093355, 1636683257.597046, 1636683258.9269793, 1636683263.1117299, 1636683264.4315953, 1636683265.778006, 1636683267.110878, 1636683268.4473698, 1636683269.7619715, 1636683271.0675123, 1636683273.8142173, 1636683275.1358657, 1636683276.5992405, 1636683278.449631, 1636683280.171054, 1636683281.9377246, 1636683283.391203, 1636683288.2087975, 1636683289.8329296, 1636683292.04751, 1636683293.470727, 1636683294.8090982, 1636683296.632964, 1636683302.2375555, 1636683304.7325084, 1636683306.554519, 1636683308.030073, 1636683309.510021, 1636683310.9504695, 1636683312.692618, 1636683316.7370133, 1636683318.4703069, 1636683320.693111, 1636683322.2152486, 1636683323.7942727, 1636683325.7693918, 1636683327.286851, 1636683331.672752, 1636683333.23002, 1636683334.7738855, 1636683336.9469097, 1636683338.2170346, 1636683339.619324, 1636683341.1029596, 1636683346.4365845, 1636683347.7445436, 1636683349.15399, 1636683350.5429158, 1636683351.827644, 1636683353.3334024, 1636683358.487639, 1636683359.8911378, 1636683361.3610828, 1636683362.7975855, 1636683364.4252527, 1636683365.7821143, 1636683367.3102996, 1636683372.0869575, 1636683373.8869107, 1636683376.3689425, 1636683378.50257, 1636683379.9052439, 1636683381.8279736, 1636683383.376399, 1636683388.3070638, 1636683390.3524194, 1636683391.9577296, 1636683393.665347, 1636683395.641564, 1636683397.6608632, 1636683402.604088, 1636683403.957651, 1636683406.1943638, 1636683408.4138122, 1636683410.1024208, 1636683412.4476225, 1636683413.9226854, 1636683418.1432738, 1636683419.546984, 1636683421.1245263, 1636683422.5623941, 1636683425.00069, 1636683426.600479, 1636683428.3260362, 1636683433.2657926, 1636683434.9312775, 1636683436.3042614, 1636683437.905423, 1636683439.3632593, 1636683440.7100124, 1636683445.0324829, 1636683446.9716413, 1636683449.0453115, 1636683450.4272048, 1636683451.7767112, 1636683453.1346998, 1636683454.4927862, 1636683458.9728456, 1636683460.4209373, 1636683461.7823741, 1636683463.1469927, 1636683464.508702, 1636683465.898368, 1636683467.3192444, 1636683472.5646772, 1636683475.356208, 1636683477.5074105, 1636683479.503704, 1636683480.9024715, 1636683482.270158, 1636683486.7394903, 1636683488.0659254, 1636683489.4018667, 1636683490.7361574, 1636683491.9937837, 1636683494.1475103, 1636683496.050692, 1636683500.4646757, 1636683501.5639143, 1636683502.959357, 1636683504.3691988, 1636683505.810904, 1636683507.2244046, 1636683508.6314106, 1636683513.0793262, 1636683514.484951, 1636683515.8881981, 1636683517.2662568, 1636683518.7458727, 1636683520.1257203, 1636683521.651572, 1636683526.2052813, 1636683527.6509478, 1636683529.0529668, 1636683530.489198, 1636683531.8606682, 1636683533.31513, 1636683535.4658997, 1636683540.1947079, 1636683541.587771, 1636683543.4614232, 1636683545.1667037, 1636683546.714961, 1636683548.0709915, 1636683553.2876256, 1636683555.9322708, 1636683561.0193043, 1636683562.9573832, 1636683565.238508, 1636683568.3519778, 1636683569.8656604, 1636683574.571558, 1636683575.8566241, 1636683577.191851, 1636683578.619839, 1636683579.9461756, 1636683581.2833505, 1636683582.6032627, 1636683587.16009, 1636683588.4766316, 1636683589.7887638, 1636683591.1010098, 1636683592.414496, 1636683593.701115, 1636683598.272484, 1636683599.5937033, 1636683600.9188056, 1636683602.2484872, 1636683603.5658417, 1636683604.8437023, 1636683606.1975765, 1636683610.9470289, 1636683612.2820542, 1636683613.600397, 1636683614.9049358, 1636683616.226704, 1636683617.5401614, 1636683618.8530965, 1636683623.53532, 1636683624.776417, 1636683626.1004386, 1636683627.4184604, 1636683628.7314494, 1636683630.119591, 1636683634.8178513, 1636683636.1298869, 1636683637.486442, 1636683638.8106902, 1636683640.122124, 1636683641.4489849, 1636683642.7780898, 1636683647.5838675, 1636683648.908114, 1636683650.2298105, 1636683651.5621681, 1636683652.8505135, 1636683654.1979024, 1636683655.5160656, 1636683660.7444918, 1636683662.6795104, 1636683664.6061766, 1636683665.9487019, 1636683667.2694492, 1636683668.6002717, 1636683673.8792558, 1636683675.4175375, 1636683676.752731, 1636683678.1850421, 1636683679.5233006, 1636683680.8544648, 1636683682.1876097, 1636683686.990663, 1636683688.2811542, 1636683689.643273, 1636683690.9687917, 1636683692.3056738, 1636683693.6395369, 1636683694.977001, 1636683699.9712973, 1636683701.2682185, 1636683702.557599, 1636683703.8775275, 1636683705.104468, 1636683706.4326234, 1636683711.0080717, 1636683712.373124, 1636683713.698742, 1636683715.0632803, 1636683716.425509, 1636683717.7858274, 1636683719.1149023, 1636683724.5476766, 1636683725.888515, 1636683727.1981542, 1636683728.5234015, 1636683729.8673894, 1636683731.2061474, 1636683732.5302687, 1636683737.7757342, 1636683739.0848877, 1636683740.411568, 1636683741.7328684, 1636683743.0523918, 1636683744.3803828],