{"initial_reset_timestamp": 1636435319.2676783, "timestamps": [1636435320.7535555, 1636435321.0279083, 1636435321.446969, 1636435321.8510196, 1636435322.2348843, 1636435322.6187754, 1636435325.1618626, 1636435325.5427768, 1636435325.9082208, 1636435326.2809556, 1636435326.6522517, 1636435327.0254574, 1636435327.3914587, 1636435336.9234564, 1636435349.8628259, 1636435363.416044, 1636435377.001503, 1636435387.6472576, 1636435401.5786905, 1636435415.0642576, 1636435430.384469, 1636435444.163976, 1636435458.6135669, 1636435471.421008, 1636435484.7800775, 1636435498.6610484, 1636435514.8269098, 1636435526.9554982, 1636435539.5683997, 1636435552.6660867, 1636435565.28107, 1636435578.8398395, 1636435591.7616024, 1636435606.7752116, 1636435619.2300856, 1636435632.853854, 1636435646.297459, 1636435658.4535608, 1636435672.1246636, 1636435684.7136655, 1636435699.411468, 1636435712.5360973, 1636435725.3069127, 1636435738.4825315, 1636435751.3953264, 1636435764.240963, 1636435778.8466363, 1636435792.5562518, 1636435804.741508, 1636435817.4854784, 1636435830.799862, 1636435843.1725056, 1636435856.440164, 1636435871.464193, 1636435884.4877203, 1636435896.6411405, 1636435909.2326765, 1636435922.5253973, 1636435935.3331916, 1636435948.6721976, 1636435964.480726, 1636435976.4431205, 1636435989.0676248, 1636436001.9985886, 1636436015.7612255, 1636436028.6614382, 1636436044.4558396, 1636436057.73924, 1636436070.934529, 1636436085.8294027, 1636436097.1976333, 1636436109.2440264, 1636436119.0487278, 1636436124.8080144, 1636436127.485069, 1636436130.354954, 1636436133.1901453, 1636436136.4459028, 1636436139.7800229, 1636436144.347399, 1636436149.7949686, 1636436152.7536578, 1636436159.3859928, 1636436166.0860705, 1636436169.5661106, 1636436172.1998556, 1636436176.8940375, 1636436179.6318514, 1636436182.6484034, 1636436185.2205033, 1636436187.8830214, 1636436191.271928, 1636436194.3603702, 1636436209.6790087, 1636436222.9538946, 1636436235.837785, 1636436247.7977805, 1636436257.6953542, 1636436267.6287913, 1636436281.4910645, 1636436293.200166, 1636436305.2566824, 1636436317.3167815, 1636436331.4315994, 1636436345.4236336, 1636436359.5894527, 1636436378.4399254, 1636436393.392313, 1636436407.6580007, 1636436421.8235302, 1636436434.7347329, 1636436440.4469047, 1636436447.1175096, 1636436454.0954025, 1636436459.1168823, 1636436463.0533907, 1636436469.79888, 1636436473.688531, 1636436477.39808, 1636436480.8040786, 1636436494.80262, 1636436507.7420537, 1636436520.6558423, 1636436533.824565, 1636436546.269719, 1636436558.8953695, 1636436574.8946085, 1636436587.7541826, 1636436600.691013, 1636436613.5120103, 1636436625.8724751, 1636436639.2811966, 1636436651.8788574, 1636436665.9449136, 1636436670.758042, 1636436674.105615, 1636436677.283124, 1636436680.187266, 1636436683.310719, 1636436689.1922667, 1636436704.2953515, 1636436717.77368, 1636436731.7863424, 1636436744.8103592, 1636436750.7847357, 1636436756.2848063, 1636436764.6820102, 1636436768.0708792, 1636436773.5939066, 1636436778.8303127, 1636436783.4494262, 1636436787.4789057, 1636436791.8558304, 1636436797.5257638, 1636436801.2329605, 1636436805.8349075, 1636436810.3684037, 1636436814.8718362, 1636436818.551477, 1636436822.4301896, 1636436827.6815279, 1636436830.9127588, 1636436834.2049448, 1636436837.784274, 1636436839.8345404, 1636436843.1494334, 1636436846.4045675, 1636436851.666748, 1636436855.0467045, 1636436859.6521153, 1636436863.587036, 1636436867.586182, 1636436870.911362, 1636436873.8105035, 1636436880.802869, 1636436884.4023247, 1636436887.9620683, 1636436891.79768, 1636436895.7878776, 1636436899.539899, 1636436906.220293, 1636436909.7753959, 1636436913.3495529, 1636436916.956186, 1636436920.859711, 1636436924.643286, 1636436928.0289876, 1636436934.8854184, 1636436938.5485384, 1636436941.9706123, 1636436945.211746, 1636436948.3575513, 1636436951.7059362, 1636436955.2463646, 1636436960.5495036, 1636436963.8506324, 1636436967.5285313, 1636436971.0426104, 1636436974.6521423, 1636436978.3031945, 1636436982.0485208, 1636436988.7718523, 1636436992.0060968, 1636436995.7756698, 1636436999.7321882, 1636437003.6006405, 1636437007.4479966, 1636437013.4012551, 1636437016.9171379, 1636437020.3260398, 1636437023.5582733, 1636437026.9309032, 1636437030.0364702, 1636437033.326457, 1636437039.984444, 1636437043.282835, 1636437046.647796, 1636437050.5596962, 1636437055.4167027, 1636437061.372841, 1636437071.5995967, 1636437085.4009044, 1636437096.15888, 1636437106.3909757, 1636437116.576311, 1636437126.5527291, 1636437137.1520476, 1636437150.2703028, 1636437153.5110624, 1636437156.677136, 1636437161.2406676, 1636437165.7426271, 1636437168.912754, 1636437172.5377872, 1636437181.9540052, 1636437186.2673264, 1636437190.4615529, 1636437194.387624, 1636437198.4394603, 1636437202.8983722, 1636437207.3734772, 1636437214.753039, 1636437217.9769342, 1636437221.5439894, 1636437224.8663144, 1636437228.4112055, 1636437231.7488785, 1636437238.6562002, 1636437242.2963526, 1636437245.7038155, 1636437249.1261077, 1636437252.5963542, 1636437255.8131013, 1636437259.5676954, 1636437266.7587695, 1636437270.2343037, 1636437273.6569495, 1636437276.9990919, 1636437280.7226722, 1636437284.4937468, 1636437288.2839174, 1636437294.8849103, 1636437297.6991258, 1636437301.8589542, 1636437306.3227015, 1636437311.3194711, 1636437315.5008895, 1636437322.4225187, 1636437325.6787503, 1636437328.5928118, 1636437331.5465853, 1636437334.5383806, 1636437337.5298233, 1636437340.4134703, 1636437346.8034675, 1636437349.7022285, 1636437352.6627586, 1636437355.5533686, 1636437358.4756508, 1636437361.4588685, 1636437364.235315, 1636437370.9794421, 1636437373.8630476, 1636437376.90425, 1636437379.7536812, 1636437382.6654582, 1636437385.7484393, 1636437394.2472563, 1636437399.3976998, 1636437403.7691772, 1636437407.906119, 1636437412.3879461, 1636437416.306644, 1636437420.0499656, 1636437427.68403, 1636437431.7680962, 1636437435.4773939, 1636437438.8994036, 1636437442.8874989, 1636437446.8616252, 1636437450.791977, 1636437458.461917, 1636437462.5841537, 1636437466.475699, 1636437469.7562819, 1636437473.5681953, 1636437477.348576, 1636437487.927316, 1636437500.0695064, 1636437513.2298634, 1636437525.0772595, 1636437536.564295, 1636437548.8070076, 1636437560.8803954, 1636437577.6875372, 1636437591.8579934, 1636437603.8319457, 1636437617.4821017, 1636437632.0916786, 1636437644.0737312, 1636437656.3082235, 1636437672.5203488, 1636437682.733475, 1636437693.7022574, 1636437702.8756588, 1636437714.382442, 1636437725.4919207, 1636437741.1608412, 1636437748.9819276, 1636437755.5951986, 1636437769.936516, 1636437782.0287063, 1636437791.3001258, 1636437800.1840837],