{"initial_reset_timestamp": 1636713215.2630007, "timestamps": [1636713215.4020162, 1636713215.5449917, 1636713215.7141485, 1636713215.8620064, 1636713216.0134902, 1636713216.1838574, 1636713216.3566766, 1636713218.9361827, 1636713219.0939846, 1636713219.2434695, 1636713219.392926, 1636713219.5393052, 1636713219.6888316, 1636713219.836162, 1636713222.5815418, 1636713222.7376225, 1636713222.8847704, 1636713223.0365222, 1636713223.1883435, 1636713223.3416483, 1636713223.487498, 1636713237.5849283, 1636713237.7267747, 1636713237.867385, 1636713237.9963264, 1636713238.1243412, 1636713238.2523103, 1636713238.390244, 1636713252.06923, 1636713252.1932333, 1636713252.3401418, 1636713252.4790182, 1636713252.6126697, 1636713252.7478802, 1636713252.8844674, 1636713266.5058963, 1636713266.6419504, 1636713266.7790823, 1636713266.9131422, 1636713267.0448515, 1636713267.175028, 1636713267.3129156, 1636713280.8987336, 1636713281.029069, 1636713281.1580355, 1636713281.2868156, 1636713281.4152994, 1636713281.5466154, 1636713281.6815975, 1636713294.9331257, 1636713295.0615673, 1636713295.1872876, 1636713295.3347888, 1636713295.5012918, 1636713295.6605034, 1636713295.7870827, 1636713306.80949, 1636713306.9424288, 1636713307.073704, 1636713307.214169, 1636713307.3491533, 1636713307.4788828, 1636713307.6106837, 1636713320.539253, 1636713320.6790009, 1636713320.8167996, 1636713320.9525812, 1636713321.0901797, 1636713321.2475863, 1636713321.405064, 1636713332.3738225, 1636713332.5106046, 1636713332.648194, 1636713332.8123415, 1636713332.9517899, 1636713333.091078, 1636713333.2313995, 1636713343.3783748, 1636713343.5062945, 1636713343.6354446, 1636713343.7654464, 1636713343.9026434, 1636713344.0460634, 1636713344.1780975, 1636713354.6902637, 1636713354.8307698, 1636713354.9656067, 1636713355.0989232, 1636713355.2314408, 1636713355.375788, 1636713355.510287, 1636713366.127453, 1636713366.2659016, 1636713366.3979576, 1636713366.531019, 1636713366.666634, 1636713366.8001127, 1636713366.9321423, 1636713381.2138352, 1636713381.3562813, 1636713381.5015054, 1636713381.6421363, 1636713381.7887332, 1636713381.9386067, 1636713382.0963264, 1636713398.6512463, 1636713398.7935188, 1636713398.9349797, 1636713399.07637, 1636713399.2183492, 1636713399.3605976, 1636713399.5024405, 1636713413.5444605, 1636713413.6890213, 1636713413.8318825, 1636713413.9742448, 1636713414.1208, 1636713414.26589, 1636713414.413531, 1636713427.4517055, 1636713427.596118, 1636713427.7389162, 1636713427.8844218, 1636713428.025455, 1636713428.1678224, 1636713428.3121123, 1636713441.775843, 1636713441.9138196, 1636713442.050242, 1636713442.1866236, 1636713442.3221145, 1636713442.4595065, 1636713442.5968332, 1636713456.787019, 1636713456.9246085, 1636713457.0658915, 1636713457.2032719, 1636713457.3404162, 1636713457.478487, 1636713457.6155188, 1636713471.0933635, 1636713471.2287662, 1636713471.366267, 1636713471.5003712, 1636713471.6374502, 1636713471.7726924, 1636713471.9077797, 1636713481.9943066, 1636713482.1312501, 1636713482.267061, 1636713482.402552, 1636713482.53936, 1636713482.7082465, 1636713482.8449886, 1636713493.6340358, 1636713493.7799737, 1636713493.923725, 1636713494.0667455, 1636713494.2104864, 1636713494.3518348, 1636713494.4649324, 1636713494.605665, 1636713508.413465, 1636713508.555734, 1636713508.7004905, 1636713508.8478038, 1636713508.9895759, 1636713509.1314342, 1636713509.2734141, 1636713523.16918, 1636713523.3089695, 1636713523.4491062, 1636713523.5892553, 1636713523.7295985, 1636713523.8742836, 1636713524.0153687, 1636713537.7470014, 1636713537.8866417, 1636713538.026598, 1636713538.165317, 1636713538.305012, 1636713538.44656, 1636713538.5850751, 1636713551.5750659, 1636713551.713988, 1636713551.8530753, 1636713551.993355, 1636713552.1305654, 1636713552.2721846, 1636713552.4115577, 1636713566.1133516, 1636713566.250766, 1636713566.3874717, 1636713566.52361, 1636713566.66111, 1636713566.7981663, 1636713566.933296, 1636713579.3191001, 1636713579.4546638, 1636713579.5919552, 1636713579.7304451, 1636713579.8641717, 1636713580.0004175, 1636713580.136686, 1636713589.647385, 1636713589.7793038, 1636713589.9118314, 1636713590.069726, 1636713590.204168, 1636713590.3370006, 1636713590.4699078, 1636713600.2238662, 1636713600.3589153, 1636713600.494216, 1636713600.6338272, 1636713600.7705317, 1636713600.9057233, 1636713601.0417364, 1636713610.8103106, 1636713610.9088767, 1636713611.0466864, 1636713611.1874518, 1636713611.32755, 1636713611.4669006, 1636713611.6084921, 1636713611.7479885, 1636713611.8911822, 1636713621.6896093, 1636713621.814171, 1636713621.9383667, 1636713622.0652769, 1636713622.1897588, 1636713622.3137498, 1636713622.4380057, 1636713632.3000283, 1636713632.441828, 1636713632.579918, 1636713632.7171667, 1636713632.8571773, 1636713632.9969714, 1636713633.1362653, 1636713642.9998274, 1636713643.1359868, 1636713643.2689655, 1636713643.4047952, 1636713643.5437481, 1636713643.6781309, 1636713643.8125467, 1636713653.7118056, 1636713653.851832, 1636713653.9927547, 1636713654.1319094, 1636713654.2713654, 1636713654.3701255, 1636713654.4819202, 1636713654.621154, 1636713654.7638834, 1636713664.514095, 1636713664.6376936, 1636713664.7619584, 1636713664.8860333, 1636713665.009859, 1636713665.1363142, 1636713665.26278, 1636713675.1035123, 1636713675.2711065, 1636713675.4130847, 1636713675.5514944, 1636713675.6941109, 1636713675.8375163, 1636713675.9800656, 1636713685.9798582, 1636713686.0807936, 1636713686.165676, 1636713686.2587407, 1636713686.3455021, 1636713686.4440198, 1636713686.5450785, 1636713686.636742, 1636713686.74777, 1636713686.8490453, 1636713686.9479105, 1636713687.0365899, 1636713687.1294026, 1636713687.2226021, 1636713687.312602, 1636713687.4202733, 1636713687.5093515, 1636713687.610187, 1636713687.701099, 1636713687.79497, 1636713697.521688, 1636713697.6114755, 1636713697.7024188, 1636713697.8006928, 1636713697.8927999, 1636713697.984204, 1636713698.0731368, 1636713698.1628442, 1636713698.2567482, 1636713698.372639, 1636713698.4593015, 1636713698.557492, 1636713698.6577115, 1636713698.7627497, 1636713698.858429, 1636713698.9527886, 1636713699.0431197, 1636713699.1418025, 1636713699.2460954, 1636713699.339284, 1636713699.4390955, 1636713699.5286436, 1636713699.6255085, 1636713714.1819413, 1636713714.3239975, 1636713714.466842, 1636713714.6383042, 1636713714.7801743, 1636713714.9232275, 1636713715.0668163, 1636713728.660197, 1636713728.7573245, 1636713728.8522, 1636713728.9397423, 1636713729.0274231, 1636713729.1305497, 1636713729.2289417, 1636713729.3252625, 1636713729.415133, 1636713729.51739, 1636713729.6109452, 1636713729.7077477, 1636713729.7933886, 1636713729.883022, 1636713729.9789665, 1636713730.072392, 1636713730.1600003, 1636713730.2479286, 1636713730.3384104, 1636713730.4284368, 1636713730.534381, 1636713730.6248577, 1636713730.7135282, 1636713730.8058887, 1636713730.9058301, 1636713730.9951093, 1636713731.0917466, 1636713744.3726614, 1636713744.4567823, 1636713744.5424578, 1636713744.6368012, 1636713744.7251985, 1636713744.8189735, 1636713744.907443, 1636713744.9993334, 1636713745.0885704, 1636713745.1787682, 1636713745.2666957, 1636713745.3644044, 1636713745.4570022, 1636713745.5571637, 1636713745.6440556, 1636713745.73788, 1636713745.8278503, 1636713745.917159, 1636713746.0082831, 1636713746.1029007, 1636713746.2094631, 1636713746.3088765, 1636713746.410777, 1636713746.502528, 1636713746.5903094, 1636713746.6807215, 1636713746.774708, 1636713746.8680649, 1636713746.9563534, 1636713760.7978964, 1636713760.920287, 1636713761.053837, 1636713761.184685, 1636713761.305741, 1636713761.3981664, 1636713761.5013616, 1636713761.633578, 1636713761.7398934, 1636713761.8705525, 1636713773.8466537, 1636713773.9479375, 1636713774.0531664, 1636713774.160333, 1636713774.2605822, 1636713774.3572893, 1636713774.4574485, 1636713774.5413785, 1636713774.6293302, 1636713774.7207224, 1636713774.8130424, 1636713774.9004452, 1636713774.9859357, 1636713775.0728195, 1636713775.1622856, 