{"initial_reset_timestamp": 1636713215.1480136, "timestamps": [1636713216.4112012, 1636713216.6058197, 1636713216.9368844, 1636713217.2458797, 1636713217.560706, 1636713217.855598, 1636713219.8876905, 1636713220.1814063, 1636713220.4765425, 1636713220.7631319, 1636713221.0416222, 1636713221.331047, 1636713221.6055787, 1636713225.088407, 1636713226.972672, 1636713229.2814054, 1636713231.7970755, 1636713233.4758823, 1636713234.9649348, 1636713236.5298357, 1636713239.6558208, 1636713241.2628946, 1636713243.1804469, 1636713245.1494312, 1636713247.0264742, 1636713249.7435267, 1636713253.520242, 1636713255.2024693, 1636713256.5473619, 1636713258.9603236, 1636713261.0920234, 1636713262.7508342, 1636713264.56245, 1636713267.9639616, 1636713269.9152853, 1636713271.682473, 1636713274.0837314, 1636713275.8988929, 1636713277.72062, 1636713279.9228232, 1636713282.9776797, 1636713284.7050948, 1636713286.7004235, 1636713289.0381854, 1636713290.8737497, 1636713292.883672, 1636713296.246119, 1636713297.2933645, 1636713298.8953931, 1636713300.4999785, 1636713301.9081678, 1636713303.5946815, 1636713304.9584045, 1636713308.073747, 1636713310.0649726, 1636713312.3305922, 1636713313.7477913, 1636713315.7728267, 1636713317.5875893, 1636713319.1362526, 1636713322.2446046, 1636713323.7937891, 1636713325.1183097, 1636713326.7466772, 1636713328.3423605, 1636713329.7486928, 1636713331.2118952, 1636713334.003907, 1636713335.5152912, 1636713336.878345, 1636713338.2141173, 1636713339.6022038, 1636713340.95164, 1636713342.4753954, 1636713345.314623, 1636713346.6670995, 1636713348.1442864, 1636713350.1186266, 1636713351.4841588, 1636713352.8377078, 1636713355.96536, 1636713357.4342506, 1636713358.7556386, 1636713359.780201, 1636713361.3188334, 1636713362.9720032, 1636713364.400863, 1636713367.3932629, 1636713368.8650105, 1636713370.6935632, 1636713372.7284184, 1636713375.0184882, 1636713377.3697813, 1636713379.5946872, 1636713383.7591515, 1636713386.5613985, 1636713388.8338377, 1636713391.5090523, 1636713393.9816606, 1636713395.9673615, 1636713399.5051076, 1636713401.4715385, 1636713403.473033, 1636713405.4876482, 1636713407.4593387, 1636713409.3932214, 1636713411.3546522, 1636713414.9957464, 1636713416.4790778, 1636713418.1523998, 1636713420.0275977, 1636713421.9245648, 1636713423.9779916, 1636713425.9427207, 1636713429.559069, 1636713431.4362683, 1636713433.3135138, 1636713435.0410676, 1636713436.9739354, 1636713438.9037864, 1636713442.6002762, 1636713444.543233, 1636713446.486493, 1636713448.4764378, 1636713450.4303286, 1636713452.2532995, 1636713453.5844574, 1636713458.173718, 1636713460.1612134, 1636713462.041699, 1636713464.2360766, 1636713466.037638, 1636713467.627655, 1636713469.5647838, 1636713473.1427863, 1636713474.5318043, 1636713475.894586, 1636713477.2568643, 1636713478.6018858, 1636713479.9220045, 1636713482.8478434, 1636713484.1892428, 1636713485.4945552, 1636713486.8771617, 1636713488.2489011, 1636713489.6883836, 1636713491.5489442, 1636713495.1753016, 1636713497.148744, 1636713499.059549, 1636713501.0365517, 1636713502.9714124, 1636713504.9700894, 1636713506.927593, 1636713510.480735, 1636713512.4441469, 1636713514.3605752, 1636713515.5575337, 1636713517.5072403, 1636713519.536511, 1636713521.494499, 1636713525.027572, 1636713526.9699664, 1636713528.968646, 1636713530.8961732, 1636713532.645654, 1636713534.7419744, 1636713536.6347444, 1636713540.1090677, 1636713541.900947, 1636713543.819542, 1636713545.757421, 1636713547.431036, 1636713549.3197653, 1636713552.7889307, 1636713554.7545664, 1636713556.5729728, 1636713558.57732, 1636713560.5063128, 1636713562.3934321, 1636713564.487602, 1636713567.990574, 1636713569.9848926, 1636713571.9124665, 1636713573.8960822, 1636713575.5645752, 1636713576.929007, 1636713578.3444242, 1636713581.2494583, 1636713582.5988822, 1636713583.9456897, 1636713585.2879426, 1636713586.6456358, 1636713587.9817579, 1636713590.7479148, 1636713592.101285, 1636713593.4501452, 1636713594.7855809, 1636713596.1344666, 1636713597.523868, 1636713598.8670986, 1636713601.780537, 1636713602.5417666, 1636713603.9488144, 1636713605.2942748, 1636713606.6265962, 1636713607.9738429, 1636713609.318044, 1636713612.440769, 1636713613.787535, 1636713615.1616547, 1636713616.5312345, 1636713617.8983173, 1636713619.2385347, 1636713620.6116586, 1636713623.4232774, 1636713624.7670379, 1636713626.1704986, 1636713627.521487, 1636713628.8901103, 1636713630.3064396, 1636713633.31185, 1636713634.681106, 1636713636.0246317, 1636713637.365127, 1636713638.7140331, 1636713640.0777235, 1636713641.4904993, 1636713644.3814323, 1636713645.729986, 1636713647.0936813, 1636713648.4723198, 1636713649.8608623, 1636713651.2010326, 1636713652.6112452, 1636713655.7622917, 1636713657.1513598, 1636713658.5009325, 1636713659.8591564, 1636713661.2505054, 1636713662.5964103, 1636713665.4069297, 1636713666.7662926, 1636713668.1533535, 1636713669.520263, 1636713670.881866, 1636713672.2427077, 1636713673.5783103, 1636713676.628216, 1636713678.0158732, 1636713679.397386, 1636713680.7543676, 1636713682.1623037, 1636713683.5476553, 1636713684.9110618, 1636713688.831955, 1636713690.2068942, 1636713691.577252, 1636713692.9107978, 1636713694.2774773, 1636713695.6196785, 1636713699.9136724, 1636713702.0580866, 1636713704.051327, 1636713706.1378412, 1636713708.1277544, 1636713710.1770086, 1636713712.197257, 1636713715.8754663, 1636713717.9706805, 1636713720.0445423, 1636713721.6845045, 1636713723.468284, 1636713725.4103818, 1636713727.329209, 1636713732.7994184, 1636713734.910221, 1636713736.7603495, 1636713738.724927, 1636713740.2966976, 1636713741.8524961, 1636713747.195688, 1636713749.2517762, 1636713751.1769414, 1636713753.181939, 1636713755.1573935, 1636713757.109807, 1636713759.0889964, 1636713762.430734, 1636713764.1426215, 1636713766.1548822, 1636713768.1360853, 1636713769.9551015, 1636713771.3952918, 1636713772.7778854, 1636713777.0543756, 1636713779.4939904, 1636713781.1819673, 1636713782.6760683, 1636713784.179675, 1636713785.6257572, 1636713786.864617, 1636713791.0398045, 1636713793.0729976, 1636713794.845959, 1636713796.8397424, 1636713798.8686643, 1636713800.6481655, 1636713804.839346, 1636713806.5562592, 1636713808.6797311, 1636713810.4629328, 1636713812.3712347, 1636713814.899864, 1636713816.52947, 1636713820.1529555, 1636713821.9918096, 1636713824.0215857, 1636713825.5495358, 1636713827.035345, 1636713828.681325, 1636713830.4214513, 1636713834.1466753, 1636713835.6867194, 1636713837.8996706, 1636713839.4152906, 1636713840.927096, 1636713843.3656764, 1636713848.06219, 1636713849.5314732, 1636713851.0201774, 1636713852.629032, 1636713854.1375413, 1636713855.6511545, 1636713857.157671],