{"initial_reset_timestamp": 1636711434.185625, "timestamps": [1636711435.3870203, 1636711435.6090753, 1636711435.9579546, 1636711436.2826483, 1636711436.5723011, 1636711436.856211, 1636711438.7292352, 1636711438.9986477, 1636711439.2703326, 1636711439.546006, 1636711439.841935, 1636711440.122482, 1636711440.3888273, 1636711443.0005257, 1636711444.3648756, 1636711446.2183328, 1636711447.9117131, 1636711449.489532, 1636711451.175641, 1636711452.8034234, 1636711455.9645476, 1636711457.3731127, 1636711459.0723422, 1636711460.8475404, 1636711462.7141461, 1636711464.6970334, 1636711467.9497132, 1636711470.001464, 1636711471.3701966, 1636711472.8621118, 1636711474.206531, 1636711475.529763, 1636711476.8378456, 1636711479.834029, 1636711481.2423594, 1636711483.2697225, 1636711485.407676, 1636711486.9036155, 1636711488.2721932, 1636711489.7906506, 1636711493.7407367, 1636711495.4250402, 1636711496.9102366, 1636711498.7949066, 1636711501.2134194, 1636711504.6658602, 1636711508.2978823, 1636711509.9812098, 1636711512.666002, 1636711514.6805623, 1636711516.133586, 1636711519.6984851, 1636711521.4865685, 1636711525.3561876, 1636711527.273691, 1636711528.696064, 1636711530.183689, 1636711531.6221304, 1636711533.1686478, 1636711534.6088567, 1636711537.6469316, 1636711540.6822805, 1636711542.0780036, 1636711544.6622708, 1636711546.5175097, 1636711547.0916457, 1636711549.4910007, 1636711554.3549905, 1636711555.864823, 1636711557.3819518, 1636711558.8798037, 1636711560.628036, 1636711562.634978, 1636711564.5839381, 1636711567.858228, 1636711569.2058306, 1636711570.8579533, 1636711572.256514, 1636711573.72686, 1636711575.2715821, 1636711577.204142, 1636711580.171703, 1636711581.5351467, 1636711583.1407669, 1636711584.935799, 1636711586.7453144, 1636711588.1911097, 1636711591.1343822, 1636711592.5472336, 1636711594.0002985, 1636711595.4243295, 1636711596.8960319, 1636711598.9820406, 1636711600.7892385, 1636711604.4813843, 1636711608.00659, 1636711610.1390283, 1636711611.8420386, 1636711613.7819514, 1636711615.8834343, 1636711618.1866689, 1636711621.2221687, 1636711622.6892679, 1636711624.2683096, 1636711625.9306443, 1636711628.3682673, 1636711629.915671, 1636711633.5411272, 1636711635.5097108, 1636711637.4182723, 1636711638.99331, 1636711642.3779643, 1636711644.550941, 1636711646.3900769, 1636711650.310061, 1636711653.1896994, 1636711655.4417527, 1636711657.174679, 1636711658.8394861, 1636711661.2994974, 1636711663.0188286, 1636711666.9277458, 1636711668.3813753, 1636711669.4409823, 1636711671.9145083, 1636711673.2760003, 1636711675.0097566, 1636711676.3873155, 1636711680.6179566, 1636711682.3836927, 1636711683.8468797, 1636711685.4211915, 1636711687.3030608, 1636711689.2120986, 1636711693.2086372, 1636711694.616257, 1636711696.3607004, 1636711698.2594306, 1636711699.8273726, 1636711701.6667051, 1636711703.2474613, 1636711706.8988261, 1636711708.280016, 1636711709.6419652, 1636711711.0332434, 1636711712.409697, 1636711713.773325, 1636711715.0974457, 1636711718.600787, 1636711719.9691198, 1636711721.3215864, 1636711722.7120032, 1636711724.0494494, 1636711725.3768835, 1636711729.1706593, 1636711730.538382, 1636711731.9034958, 1636711733.257093, 1636711734.62231, 1636711736.0130816, 1636711737.40875, 1636711741.2640681, 1636711742.7587373, 1636711744.1152833, 1636711745.466322, 1636711746.8872151, 1636711748.2123845, 1636711749.4910254, 1636711753.218845, 1636711754.53491, 1636711755.9004626, 1636711757.248951, 1636711758.630257, 1636711760.0352018, 1636711763.4932902, 1636711764.8479784, 1636711766.1902363, 1636711767.569297, 1636711768.9145672, 1636711770.2589333, 1636711771.65571, 1636711775.4243183, 1636711776.7806015, 1636711778.1661024, 1636711779.535268, 1636711780.9304166, 1636711782.3609135, 1636711783.7138312, 1636711788.1246204, 1636711789.5054426, 1636711790.8689072, 1636711792.230769, 1636711793.5619922, 1636711794.9534125, 1636711799.0346234, 1636711800.4068027, 1636711801.7716727, 1636711803.1162453, 1636711804.5154915, 1636711805.85384, 1636711807.254303, 1636711811.4180777, 1636711812.806709, 1636711814.194617, 1636711815.6177633, 1636711816.9846518, 1636711818.36064, 1636711819.7608304, 1636711823.5747612, 1636711824.962659, 1636711826.308507, 1636711827.4618948, 1636711828.79995, 1636711830.1558633, 1636711831.5693939, 1636711835.388188, 1636711836.7450914, 1636711838.1117663, 1636711839.4597695, 1636711840.82932, 1636711842.2175872, 1636711846.2009206, 1636711847.5683856, 1636711848.966868, 1636711850.3840418, 1636711851.7860286, 1636711853.1539855, 1636711854.5483985, 1636711858.6960928, 1636711860.0695152, 1636711861.4835434, 1636711862.8640592, 1636711864.195155, 1636711865.5424507, 1636711866.914687, 1636711870.8469312, 1636711872.2214575, 1636711873.579811, 1636711874.9742296, 1636711876.40079, 1636711877.7756557, 1636711881.6399577, 1636711883.0160844, 1636711884.3889985, 1636711885.7728496, 1636711887.0480652, 1636711888.4106233, 1636711889.8043385, 1636711894.1169307, 1636711895.4991832, 1636711896.897479, 1636711898.2647917, 1636711899.6484463, 1636711900.7255278, 1636711902.0788565, 1636711906.3337727, 1636711907.7104023, 1636711909.100475, 1636711910.4906397, 1636711911.9166996, 1636711913.2894948, 1636711914.8264418, 1636711919.1901314, 1636711920.5865698, 1636711922.025586, 1636711923.352952, 1636711924.7566664, 1636711926.188707, 1636711930.1096728, 1636711931.50774, 1636711932.8667352, 1636711934.2247317, 1636711935.631876, 1636711936.9842794, 1636711938.3705652, 1636711942.8220491, 1636711944.2757561, 1636711945.6442719, 1636711947.1093926, 1636711948.500798, 1636711949.8682632, 1636711951.3013859, 1636711955.7069638, 1636711957.0774283, 1636711958.4638011, 1636711959.8598356, 1636711961.2373748, 1636711962.6054063, 1636711966.127026, 1636711967.5011346, 1636711968.892353, 1636711970.3210483, 1636711971.7165694, 1636711973.1664133, 1636711974.5709734, 1636711978.8313448, 1636711980.2449827, 1636711981.604644, 1636711983.0433688, 1636711984.4188683, 1636711985.7766957, 1636711987.2064779, 1636711991.684007, 1636711993.0647385, 1636711994.4328933, 1636711995.8541656, 1636711997.2146206, 1636711998.5898333, 1636712002.4955094, 1636712003.8978186, 1636712005.307003, 1636712006.7079113, 1636712008.0858986, 1636712009.4916954, 1636712010.8644607, 1636712015.3867116, 1636712016.844644, 1636712018.2312276, 1636712019.624495, 1636712021.1009858, 1636712022.5027518, 1636712023.8788524, 1636712027.5875459, 1636712028.9694643, 1636712030.3273573, 1636712031.780454, 1636712033.1787376, 1636712034.666648, 1636712038.9465208, 1636712040.3786194, 1636712041.731458, 1636712043.138902, 1636712044.5294135, 1636712045.9176939, 1636712047.329459],