{"initial_reset_timestamp": 1636438845.976854, "timestamps": [1636438847.4927216, 1636438847.7859826, 1636438848.1917315, 1636438848.5870469, 1636438848.9667687, 1636438849.3282478, 1636438851.9113514, 1636438852.289699, 1636438852.6747274, 1636438853.036719, 1636438853.3934336, 1636438853.770377, 1636438854.1488287, 1636438865.6219049, 1636438880.0482655, 1636438893.9958923, 1636438908.1190891, 1636438921.5886812, 1636438935.6099956, 1636438949.9860735, 1636438966.2142384, 1636438980.3084354, 1636438994.224339, 1636439006.926772, 1636439018.4665868, 1636439031.8882322, 1636439047.8945937, 1636439061.9243326, 1636439074.9264882, 1636439087.7479572, 1636439101.225937, 1636439114.3362947, 1636439128.0474262, 1636439143.8883514, 1636439158.3440397, 1636439172.6939337, 1636439187.16494, 1636439201.459091, 1636439215.4065478, 1636439229.4725254, 1636439244.6551433, 1636439258.2268417, 1636439271.638226, 1636439284.9042609, 1636439292.784423, 1636439306.479581, 1636439319.4992597, 1636439333.7681973, 1636439345.488486, 1636439358.3282611, 1636439368.964438, 1636439376.6396704, 1636439389.3714275, 1636439403.1964607, 1636439415.532432, 1636439424.837011, 1636439437.5642142, 1636439450.2122846, 1636439462.2992902, 1636439474.7204862, 1636439489.1311128, 1636439502.000188, 1636439514.0968807, 1636439521.8005083, 1636439525.4573824, 1636439528.783431, 1636439531.9779058, 1636439537.701451, 1636439542.9090557, 1636439546.403763, 1636439550.4229603, 1636439553.4847848, 1636439557.31794, 1636439562.638679, 1636439568.5817008, 1636439573.9894292, 1636439581.0829127, 1636439584.8970022, 1636439596.5279121, 1636439608.289056, 1636439623.0301204, 1636439637.461708, 1636439649.6650295, 1636439661.1533647, 1636439673.177359, 1636439684.9787786, 1636439697.502629, 1636439711.2096217, 1636439716.0298822, 1636439720.3855288, 1636439725.353899, 1636439728.6277282, 1636439732.210759, 1636439737.98454, 1636439741.295087, 1636439744.6702807, 1636439748.5425782, 1636439752.3108876, 1636439755.7345185, 1636439759.206134, 1636439764.744235, 1636439768.5520034, 1636439772.1015575, 1636439775.867901, 1636439779.4185712, 1636439783.5927472, 1636439787.082736, 1636439792.2890418, 1636439795.840654, 1636439799.748586, 1636439803.206451, 1636439806.8950868, 1636439810.3538861, 1636439815.9621415, 1636439819.649221, 1636439823.187649, 1636439826.9248304, 1636439830.7037508, 1636439834.4573314, 1636439838.185118, 1636439845.3552644, 1636439848.6649208, 1636439852.0826647, 1636439855.3512454, 1636439858.6973803, 1636439861.9631364, 1636439865.3151767, 1636439871.2569985, 1636439882.883242, 1636439897.6124082, 1636439909.8219256, 1636439922.4841006, 1636439935.8839161, 1636439951.5247693, 1636439964.389208, 1636439977.06829, 1636439989.5841322, 1636440002.5360696, 1636440015.226159, 1636440026.7366972, 1636440039.3189476, 1636440044.85377, 1636440049.4976323, 1636440054.297211, 1636440059.2673275, 1636440065.0729616, 1636440068.248562, 1636440073.5715246, 1636440077.0316386, 1636440080.0790303, 1636440083.5995696, 1636440086.8328433, 1636440089.8286922, 1636440095.0807395, 1636440098.213362, 1636440101.2279303, 1636440104.5879343, 1636440107.7007496, 1636440110.6958897, 1636440113.6353889, 1636440118.666535, 1636440121.7090182, 1636440125.026612, 1636440128.1040256, 1636440131.1264098, 1636440134.449337, 1636440137.6517944, 1636440143.717989, 1636440146.853833, 1636440150.1128068, 1636440153.2102706, 1636440156.3557696, 1636440159.7353046, 1636440165.227436, 1636440168.2564301, 1636440171.8359516, 1636440175.0025103, 1636440177.922753, 1636440181.0363274, 1636440184.2071004, 1636440190.2643366, 1636440193.3116395, 1636440196.405937, 1636440199.3821535, 1636440202.4045253, 1636440205.8538535, 1636440209.0832367, 1636440215.4118605, 1636440218.1609387, 1636440221.477249, 1636440231.8125947, 1636440243.9843957, 1636440252.480946, 1636440259.7097175, 1636440271.3156955, 1636440283.9264603, 1636440296.5723693, 1636440309.3464587, 1636440322.7969046, 1636440333.9996965, 1636440350.6736896, 1636440362.626294, 1636440375.0850406, 1636440387.1143723, 1636440399.7924647, 1636440412.228245, 1636440424.4753647, 1636440442.0282485, 1636440453.306575, 1636440469.567373, 1636440483.2860882, 1636440497.4425826, 1636440512.0348399, 1636440530.707709, 1636440545.7404146, 1636440560.1552694, 1636440574.362956, 1636440589.8791351, 1636440604.7179234, 1636440620.0586472, 1636440638.8292327, 1636440655.20925, 1636440670.2087862, 1636440685.2365975, 1636440700.6444514, 1636440715.944017, 1636440730.996674, 1636440749.3781242, 1636440763.928164, 1636440775.199584, 1636440789.2298083, 1636440804.624494, 1636440819.3698003, 1636440837.0843363, 1636440852.1136003, 1636440866.2552826, 1636440880.2729368, 1636440891.442608, 1636440903.2205718, 1636440913.5870705, 1636440929.5443852, 1636440944.1118405, 1636440958.4216084, 1636440972.3016644, 1636440986.8907194, 1636441002.1119506, 1636441016.2699592, 1636441035.1323538, 1636441050.4352837, 1636441065.264572, 1636441079.5661254, 1636441092.454709, 1636441105.1967924, 1636441122.4335248, 1636441135.6892679, 1636441149.2256863, 1636441162.6542594, 1636441176.098148, 1636441188.7763498, 1636441202.6241307, 1636441219.70397, 1636441232.2398906, 1636441244.3785036, 1636441256.3120193, 1636441269.2243576, 1636441283.183486, 1636441297.101237, 1636441311.9986644, 1636441326.0020137, 1636441339.8441722, 1636441353.4564884, 1636441367.0451007, 1636441379.8485959, 1636441396.848059, 1636441409.741824, 1636441423.661867, 1636441437.5564227, 1636441449.274792, 1636441463.5640354, 1636441477.0409904, 1636441492.540486, 1636441505.8086236, 1636441519.054398, 1636441532.6864624, 1636441545.2417665, 1636441558.643969, 1636441571.5000653, 1636441588.570189, 1636441601.4391534, 1636441614.7161803, 1636441627.3483741, 1636441640.2864308, 1636441653.5559711, 1636441671.1713095, 1636441684.5442853, 1636441697.821099, 1636441710.9330947, 1636441725.1422012, 1636441737.8200967, 1636441750.7892342, 1636441767.5475342, 1636441780.2615836, 1636441793.4210322, 1636441806.5561955, 1636441819.4231899, 1636441833.367609, 1636441846.0683815, 1636441864.521512, 1636441877.3014584, 1636441890.3891587, 1636441903.5287292, 1636441916.4747832, 1636441929.6927788, 1636441945.8615375, 1636441958.8984137, 1636441971.6042838, 1636441985.2648537, 1636441998.3217268, 1636442012.075792, 1636442025.6200523, 1636442041.8804913, 1636442055.0572433, 1636442068.1533093, 1636442081.841119, 1636442095.0702689, 1636442108.2899776, 1636442121.5869575, 1636442139.41891, 1636442152.9931355, 1636442165.8527668, 1636442179.44523, 1636442192.8752956, 1636442206.449766],